Sl No.,PG Name,PG Type,Address,Area,Contact No,Google maps
1,Lively Legacy,,"3rd mail, road erranapalaya, Kanaka Nagar, Veerannapalya, Nagavara, Bengaluru, Karnataka 560045",Nagavara,9740662587,https://maps.app.goo.gl/umnx92V6h6ytwPEJA
2,Spring Fields PG for Men Nagarabhavi,Gents,"11, Gnana Bharathi, Main Road, Circle, near National of Law School, Nagarbhavi, Bengaluru, Karnataka 560072",Nagarbhavi,9739383871,
3,Comfort PG,,"#20, 3rd Cross, 2nd Main Rd, Manasanagar, Nagarbhavi, Bengaluru, Karnataka 560072",Nagarbhavi,,
4,Cosmos Livingz | Nagarbhavi | Boys Student | Working Professional,Gents,"Nisarga Orchards, 25, 4th Cross, Papreddy Palya, Marilingappa Extension, Nagarbhavi, Bengaluru, Karnataka 560072",Nagarbhavi,9699811688,
5,Samruddhi PG and Study Centre,,"1790 5th Main 9th cross, road, opposite to santhosh wine swimming pool, Vijaya Nagar II Stage, Hampi Nagar, RPC Layout, Bengaluru, Karnataka 560104",Vijaynagar,7204374880,
6,Abhay PG For Men Nagarbhavi,Gents,"25, 2nd A Cross Road, Nrupatunga Nagar, Vijaynagar, 2nd Stage, Nagarbhavi, Bengaluru, Karnataka 560072",Vijaynagar,9916677009,
7,Shivaleela boys pg,Gents,"10th Cross Rd, NGEF Layout, Nagarbhavi, Bengaluru, Karnataka 560072",Nagarbhavi,9986715644,https://maps.app.goo.gl/xLjaZwRX2TWKCtvy7
8,Spring Fields PG For Ladies Nagarbhavi,Ladies,"No.22, Gnana Bharathi Main Rd, Teachers Colony, Nagarbhavi, Bengaluru, Karnataka 560072",Nagarbhavi,9964488988,
9,Shri Balaji laxuary girls pg,Ladies,"Outer Ring Rd, opp. to Kanva Diagnostic, 6th Block, Marilingappa Extension, Nagarbhavi, Bengaluru, Karnataka 560072",Nagarbhavi,9886772915,
10,Sri Lord Venkateshwara PG For Gents Malagala,Gents,"Samrudhi Nilaya, Vishwaneedam Post, 24 A, 15th Cross Rd, 4th Block, Malagala, Marilingappa Extension, Nagarbhavi, Bengaluru, Karnataka 560072",Nagarbhavi,9900799143,
11,Nandi Nest (Men’s Pg),Gents,"Landmark ( classic dental clinic, 61 , 1st block , Nagarbhavi main road 1st stage, circle, near nagarbhavi, Manasanagar, Nagarbhavi, Bengaluru, Karnataka 560072",Nagarbhavi,,https://maps.app.goo.gl/wLia6LAuWv1ogZEj6
12,Shri Balaji Deluxe Luxury Ladies PG,Ladies,"XGG7+V3G, Nagarabhavi 2nd Stage, BDA Layout, 2nd Stage, Nagarbhavi, Bengaluru, Karnataka 560072",Nagarbhavi,8317404910,
13,Shree Anugraha PG For Men,Gents,"13, 1st C Main Rd, near Indian Oil Petrol Bunk, 4 Block, Teachers Colony, Nagarbhavi, Bengaluru, Karnataka 560072",Nagarbhavi,,
14,Lakshmi Ladies PG Nagarabhavi,,"10, Janpath Rd, off 80 Feet Main Road, 12 Block BDA layout, ngef hbcs layout, NGEF Layout, Nagarbhavi, Bengaluru, Karnataka 560072",Nagarbhavi,9449678795,
15,Comfort pg for boys,Gents,"1194, 3rd Cross Rd, 2nd Block, Manasanagar, Chalukya Nagar, Nagarbhavi, Bengaluru, Karnataka 560072",Nagarbhavi,,
16,Royal PG accomadation,,"Annapoorneshwari Nagar, RHCS Layout, Annapoorneshwari Nagar, Nagarbhavi, Bengaluru, Karnataka 560091",Nagarbhavi,9448726561,
17,Shri Balaji laxuary girls pg,Ladies,"Outer Ring Rd, opp. to Kanva Diagnostic, 6th Block, Marilingappa Extension, Nagarbhavi, Bengaluru, Karnataka 560072",Nagarbhavi,9886772915,
18,SRI GRAND PG For Gents,Gents,"317, 11th Cross Rd, 9TH BLOCK, 2nd Stage, Nagarbhavi, Bengaluru, Karnataka 560072",Nagarbhavi,9980813999,
19,Royal PG - Malagala,,"Ramakrishnappa layout, 105, Malagala Main Road 3rd Cross Road, Service Road, near Outer Ring Road, Bengaluru, Karnataka 560091",Malagala ,9663887946,
20,Shri Balaji laxuary girls pg,Ladies,"Outer Ring Rd, opp. to Kanva Diagnostic, 6th Block, Marilingappa Extension, Nagarbhavi, Bengaluru, Karnataka 560072",Nagarbhavi,9886772915,
21,Legend PG - Boys Hostel,Gents,"no 11, 4th Main Rd, Nanjarasappa Layout, najasappa garden, Canara Bank Colony, Nagarbhavi, Bengaluru, Karnataka 560072",Nagarbhavi,9481509926,
22,Sri Balaji Gents PG,Gents,"5th A cross, Nagarabhavi 2nd Stage, Malagala, 8th Block, Nagarbhavi, Bengaluru, Karnataka 560072",Nagarbhavi,,
23,Sri Lord Venkateshwara paying guest for men,Gents,"No-14,Binny layout , near BDA complex Papireddypalya, beside aladamara busstop, Marilingappa Extension, Bengaluru, Karnataka 560072",BDA complex ,9900799143,
24,Atithi ladie's PG,Ladies,"2nd Block, Oppst Shanimahathma Arch, 34, Nagarabhavi Main Rd, 2nd Block, Maruthi Nagar, Bengaluru, Karnataka 560072",Nagarbhavi,,
25,Sumukha Boys PG,Gents,"Balagangadhar Nagar, 2 Stage, Mallathahalli, Bengaluru, Karnataka 560056",Mallathahalli,7022453729,
26,Dharmasthala Boys pg,Gents,"76, 5th Main Rd, 2nd Block, Nagarbhavi 1st Stage, BDA Lay Out, Chandra Layout, Bengaluru, Karnataka 560040",Nagarbhavi,,
27,MADHUVANA PG FOR BOYS,Gents,"NO.1301, 2nd Main Rd, opp. VINAYAKA TEMPLE, PAPAREDDYPALA, Nagarbhavi, Bengaluru, Karnataka 560072",Nagarbhavi,7483510035,
28,Heatex Luxury PG (For Men),Gents,"4/1 ,1st cross, circle, opp. Sumangali kalyan Mantapa, Nagarbhavi, Bengaluru, Karnataka 560072",Nagarbhavi,,https://maps.app.goo.gl/orNnAn7EqgBJ68JGA
29,RBR boys pg,Gents,"50, near Reliance Smart Point, Huchappa Layout, Govindaraja Nagar Ward, Mudalapalya, Nagarbhavi, Bengaluru, Karnataka 560072",Nagarbhavi,,https://maps.app.goo.gl/m5yrVmBBBXVc7p6A6
30,Shree Anugraha PG For Men,Gents,"13, 1st C Main Rd, near Indian Oil Petrol Bunk, 4 Block, Teachers Colony, Nagarbhavi, Bengaluru, Karnataka 560072",Nagarbhavi,,https://maps.app.goo.gl/qvkH6doxX8XNcMsE8
31,Manasa PG,,"mudalapalaya circle,vijaya nagara, Tent Rd, Mudalapalya, 560040, Sanjivini Nagara, Govindaraja Nagar, Nagarbhavi, Bengaluru, Karnataka 560072",Nagarbhavi,9148983530,https://maps.app.goo.gl/YCUAXu2KzjAPPBmm6
32,Primroz Cozy Living - Vinayaka Layout | Ladies PG in Nagarabhavi,Ladies,"Vinayaka Layout, Govindaraja Nagar Ward, Nagarbhavi, Bengaluru, Karnataka 560072",Nagarbhavi,,https://maps.app.goo.gl/56i18N2YhLgqcVwz9
33,Aasare boys PG,Gents,"suryodaya, No 2/1, Chandra Layout Main Rd, Nagarbhavi 1st Stage, 2nd stage, Chandra Layout, Bengaluru, Karnataka 560040",Nagarbhavi,,https://maps.app.goo.gl/B2LuADuGFKeuYzs68
34,Sri kalabyrava pg accommodation,,"13, 1st Main Rd, next to Sri datri developers and promoters, Vijay nagar, Teachers Colony, Nagarbhavi, Bengaluru, Karnataka 560072",Nagarbhavi,9916967033,https://maps.app.goo.gl/KWXz3vmnSPrQa9Ds9
35,Sree Sai PG,,"Nagarbhavi 1st stage, Nagarabhavi Circle, Jyothi Nagar, Stage 2, Chandra Layout, Bengaluru, Karnataka 560072",Nagarbhavi,,https://maps.app.goo.gl/VyYjEYNT4Z2EnsM19
36,Sirisha Comforts - Boys PG,Gents,"115, 10th Cross Road, Govindaraja Nagar Ward Byraveshwara Nagar, 2nd Block, Govindaraja Nagar Ward, Chalukya Nagar, Nagarbhavi, Bengaluru, Karnataka 560072",Nagarbhavi,8123260143,https://maps.app.goo.gl/wSAfN5tFaj1CCXxx9
37,PG Accommodation - Ladies Chandra Layout Attiguppe,Ladies,"59, 80 Feet Rd, 2nd Block, Jyothi Nagar, 2nd Main, Chandra Layout, Bengaluru, Karnataka 560072",Chandra Layout,9972177337,https://maps.app.goo.gl/N2oYDWmygwBynTUn9
38,RE Atithi PG (for Ladies),Ladies,"63, Opposite to AIT College, Balagangadhara Nagara, 2nd Stage, Mallathahalli, Bengaluru, Karnataka 560056",Mallathahalli,8197798454,https://maps.app.goo.gl/ZrA83WbHYWn9z14SA
39,LAKSHMI Women's PG,Ladies,"near Skyline City Apts, behind Platinum study Center, 2nd Block, Nagarbhavi 1st Stage, Maruthi Nagar, Chandra Layout, Bengaluru, Karnataka 560072",Nagarbhavi,9066465726,https://maps.app.goo.gl/qk7eS9sE2LKjwHZo8
40,OM PG,,"2nd Block, 43, 5th Cross Rd, 2nd Block, Maruthi Nagar, Chandra Layout, Bengaluru, Karnataka 560072",Chandra Layout,8460253535,https://maps.app.goo.gl/1dAUXRMFwU2BMKpg7
41,PG Prajwal Hime,,"1, 4th A Main Rd, 2nd Block, Govindaraja Nagar Ward, Byraveshwaranagar, Nagarbhavi, Bengaluru, Karnataka 560072",Nagarbhavi,,https://maps.app.goo.gl/uiyQqWGYV9wNTsMY9
42,Nayana PG & MESS,,"#74, Lokapath Rd, NGEF Layout, Nagarbhavi, Bengaluru, Karnataka 560072",Nagarbhavi,9398205078,https://maps.app.goo.gl/o73rmEQCpidEiPVh9
43,Vp Boys PG Venkatesh,Gents,"1/2, M P M Empyloyees Layout, 2nd Stage, Nagarbhavi, Bengaluru, Karnataka 560056",Nagarbhavi,9986565900,https://maps.app.goo.gl/u1Q4Fj351zEnubdY7
44,Olive Ladies PG Accommodation,Ladies,"University Road, 13-1, Ganabharathi, Main Road, Teachers Colony, Nagarbhavi, Bengaluru, Karnataka 560072",Nagarbhavi,9964332833,https://maps.app.goo.gl/DjsDSftA48y6u5oQ8
45,Sri Dharmasthala Ladies PG,Ladies,"914, 2nd Cross Rd, 2nd Block, Nagarbhavi 1st Stage, Maruthi Nagar, Chandra Layout, Bengaluru, Karnataka 560072",Nagarbhavi,,https://maps.app.goo.gl/Axnn7VGzDue3iXJn7
46,Vijaya ladies PG opp Nippon Paint Nagarabhavi 1st main Vijaya Nagar nursing of college road,Ladies,"5, Service Road, Vijay nagar, Stage 2, Chandra Layout, Bengaluru, Karnataka 560072",Chandra Layout,,https://maps.app.goo.gl/fBjppn3J8bPvX9ar5
47,Shivaleela Ladies PG,Ladies,"Shivaleela ladies PG #65, Shivaranjani nilaya, Balagangadhara nagara Opp DR.Ambedkar Institute of Technology College,Nagarabhavi 2nd Stage, Kengunte, Bengaluru, Karnataka 560056",Nagarbhavi,8151001917,https://maps.app.goo.gl/M8rxrAk9U5BfRGgCA
48,SAI ARYA PG for ladies,Ladies,"Deepa Complex, 7, 2nd Cross St, near Dr. Ambedkar Engg. collage, M P M Empyloyees Layout, Kengunte, Mallathahalli, Bengaluru, Karnataka 560056",Mallathahalli,9535426349,https://maps.app.goo.gl/hibuwaWLePhhvdtE7
49,PS Ladies PG,Ladies,"1, 2nd Cross Rd, behind Deepa Complex, near Ambedkar College, KK Layout, Papareddipalya, Nagarbhavi, Bengaluru, Karnataka 560072",Papareddipalya,9480038812,https://maps.app.goo.gl/BeuXwX6yayFsZxXP8
50,Shree Chethana PG for ladies,Ladies,"Shree Chethana PG for ladies #461, 2nd A Cross Rd, opp. Gandhi park, 11th Block, Papreddy Palya, Marilingappa Extension, Nagarbhavi, Bengaluru, Karnataka 560072",Nagarbhavi,9986358555,https://maps.app.goo.gl/4Gv6yCKPkiUzcDMK9
51,Banashankari PG,,"778, 13th Cross Rd, 2nd Block, Nagarbhavi 1st Stage, Chandra Layout, Bengaluru, Karnataka 560072",Nagarbhavi,6362620030,https://maps.app.goo.gl/4KkBHhyvaXGzcWYS7
52,Chiguru PG for Girls,Ladies,"Karnataka 32, 10th Cross, 80 Feet Rd, behind Karavalli Hotel, 3rd Stage, Chandra Layout, Bengaluru, Karnataka 560040",Chandra Layout,7411147758,https://maps.app.goo.gl/jVQpJUYSESCGKnCK6
53,Shivaleela girls pg,Ladies,"gurukrupa layout, 10, 10th Cross Rd, Nagarabhavi 2nd Stage, NGEF Layout, Nagarbhavi, Bengaluru, Karnataka 560072",Nagarbhavi,9986715644,https://maps.app.goo.gl/UZKUikT6CG6h2jSC7
54,Sumuka PG for boys,Gents,"XG83+8M5, M P M Empyloyees Layout, Kengunte, Annapurneshwari Nagar, Bengaluru, Karnataka 560056",Kengunte,9886771507,https://maps.app.goo.gl/pvXM247gaX6rzmY99
55,Nithya PG,,"No. 59, First Floor, 2nd Cross, 2nd Main Rd, Jyothi Nagar, Chandra Layout, Bengaluru, Karnataka 560072",Chandra Layout,9972177337,https://maps.app.goo.gl/Y4E3KQ6zxLRXNYfu8
56,Akshaya P.G,,"57, Nagarabhavi Main Rd, near allahabad bank, Huchappa Layout, Govindaraja Nagar Ward, Saraswathi Nagar, vijayangar, Bengaluru, Karnataka 560040",Vijaynagar,9901775556,https://maps.app.goo.gl/29HYit8QebBRTU2d7
57,ORCHID LADIES PG,Ladies,"K K RESIDENCY, 1st CROSS, RAGHAVENDRA SWAMY MATTA ROAD, Nagarabhavi 2nd Stage, Papreddy Palya, Bengaluru, Karnataka 560072",,9986193777,https://maps.app.goo.gl/E3Cn3qcuB83FjCAg7
58,Sri Sai Sadan Pg Accommodation,,"7th Main Rd, 2nd Stage, Stage 4, Basaveshwar Nagar, Bengaluru, Karnataka 560079",,9611259911,https://maps.app.goo.gl/ce1EANPviVCz2Xrt9
59,Jajee PG,,"KHBCS Layout, 44/1, 8th Main Cross Rd, above V R Mart, 3rd Stage 4th Block, 4th Block, Basaveshwar Nagar, Bengaluru, Karnataka 560079",,9019834187,https://maps.app.goo.gl/WcHp9veaN9L3AYXc9
60,Lakshmi pg for gents unit 1,Gents,"79/1, 2nd Cross Rd, near Pavithra Paradise, 2nd Stage, KHB Colony, Basaveshwar Nagar, Bengaluru, Karnataka 560079",,8183833381,https://maps.app.goo.gl/nyBhb4YfoBCjxhU96
61,Sri Balaji Gents PG,Gents,"5/52, 15th Main Rd, near Guru Sagar hotel, opp. med Plus, 3rd Stage, Basaveshwar Nagar, Bengaluru, Karnataka 560079",,8892299633,https://maps.app.goo.gl/AxfhYRQmovKKeJSv8
62,Lakshmi pg for gents unit 2,Gents,"14& 15, 7th Main Rd, behind total gas, near Pavithra Paradise, 2nd Stage, Stage 4, Basaveshwar Nagar, Bengaluru, Karnataka 560079",,8183833381,https://maps.app.goo.gl/f7ktZUP7SNdYq2dz6
63,Arambha Pg for Gents,Gents,"Near, Modi Hospital Rd, West of Chord Road 2nd Stage, West of Chord Road, Stage 2, Mahalakshmipuram, Bengaluru, Karnataka 560086",,9972257736,https://maps.app.goo.gl/MdzBXoCpjyVezeay7
64,Sri Annapoorneshwari Ladies Pg & Hostel,Ladies,"no 31, GH BCSL, 11th Cross Rd, 1st Block, 3rd Stage, Basaveshwar Nagar, Bengaluru, Karnataka 560079",,6360134564,https://maps.app.goo.gl/ND49trgX1816d9xu8
65,Sri lakshmi venkateshwara ladies PG,Ladies,"324/1,12th Cross,1st stage, behind Kaade hospital, 2nd Phase, Manjunath Nagar, Bengaluru, Karnataka 560010",,7892509802,https://maps.app.goo.gl/df9RUfwiyDQaJfoT9
66,Lakshmi pg for gents unit 3,Gents,"Magadi Main Rd, near by Bank of Baroda, HVR Layout, KHB Colony, Basaveshwar Nagar, Bengaluru, Karnataka 560079",,9480912748,https://maps.app.goo.gl/VNzhFcas6FGdUdwJ9
67,Kavya Ladies Paying Guest,Ladies,"2nd Phase,9th, 260/A,3rd Main, Cross, Bengaluru, Karnataka 560010",,9986732519,https://maps.app.goo.gl/HtEG4EB8LYcPacxV8
68,SGR Gents PG - Shree Guru Rayaru PG For Gents,Gents,"Bus Stop, 15/1, 6th Cross Rd, near Sharada Colony, Karekallu Kamakshipalya, KHB Colony, Basaveshwar Nagar, Bengaluru, Karnataka 560079",,,https://maps.app.goo.gl/H4hjtF2WW7LUDPZL7
69,Sri Sai men’s PG,Gents,"31, 1st Main Rd, 1st Stage, KHB Colony, Basaveshwar Nagar, Bengaluru, Karnataka 560079",,8123401967,https://maps.app.goo.gl/8EivtCFE18nDN4949
70,Shri Balaji Deluxe Luxury Ladies PG,Ladies,"XGG7+V3G, Nagarabhavi 2nd Stage, BDA Layout, 2nd Stage, Nagarbhavi, Bengaluru, Karnataka 560072",,8317404910,https://maps.app.goo.gl/MspSe4a9YGvLaHRY8
71,SAMRUDDHI PG (For Ladies),Ladies,"402, Vibhavari, Vyalikaval HBCS Layout, Govindaraja Nagar Ward, Basaveswara HBCS Layout, Vijayanagar, Bengaluru, Karnataka 560040",,8970062611,https://maps.app.goo.gl/XTWhkm8epCjZZTxh6
72,Galaxy Gents PG Hostel,Gents,"11/10, 21, th main road, Siddeshwara Nagar, Govindaraja Nagar Ward, PF Layout, Vijayanagar, Bengaluru, Karnataka 560040",,9916659987,https://maps.app.goo.gl/uNfP1nokqAs1Wpgb8
73,Shiva Skanda Boys PG,Gents,"Ravi Kumar Building, 229, 1st Main Rd, Govindaraja Nagar Ward, Canara Bank Colony, Vijayanagar, Bengaluru, Karnataka 560072",,7259736566,https://maps.app.goo.gl/Hcj3kEuPkCmzU5mQ7
74,Raj Mahal Crystal Pg For Boys,Gents,"119, 1st Main Rd, Vinayaka Layout, Govindaraja Nagar Ward, PF Layout, Vijayanagar, Bengaluru, Karnataka 560040",,,https://maps.app.goo.gl/1AV3YHro99RDs9da6
75,Ladies PG - without food,Ladies,"No. 5, Ashirvad Nilaya, 5th Cross Rd, Govindaraja Nagar Ward, Subbanna Garden, Vijayanagar, Bengaluru, Karnataka 560040",,9448082989,https://maps.app.goo.gl/FWCrG3YXYuKdhnVGA
76,Star gold Ladies PG,Ladies,"29, 1st Main Rd KK Layout, near Deepa Complex, Papreddy Palya, Marilingappa Extension, Bengaluru, Karnataka 560072",,,https://maps.app.goo.gl/Cug2X8fFPUug1xvt7
77,SR Mansion Gents PG Hostel,Gents,"492, 10th Main Rd, CHBS Layout, MC Layout, Vijayanagar, Bengaluru, Karnataka 560040",,8310739964,https://maps.app.goo.gl/vKYFoFbDvZjfDY4AA
78,Shree Boys Pg,Gents,"103, 2nd Main Rd, near Sangamithra womens college, Govindaraja Nagar Ward, Subbanna garden, Vijayanagar, Bengaluru, Karnataka 560040",,6361877988,https://maps.app.goo.gl/1HBmAoDMWgsK5PHs9
79,Saanvi Boys Pg,Gents,"XG9M+78X, 1st A Cross Rd, Siddeshwara Nagar, Nagarbhavi Layout, PF Layout, Vijayanagar, Bengaluru, Karnataka 560040",,9886640236,https://maps.app.goo.gl/7Q8CW4CRUeT5eSgj7
80,Renuka boys pg,Gents,"nanjarssapa layout, Canara Bank Colony, Bengaluru, Karnataka 560040",,9741268913,https://maps.app.goo.gl/iVCEZboxbUbbk8EW7
81,Emerald Ladies PG,Ladies,"No 61/1-1, 8th A Cross, 4th Main, Rajkumar Park Rd, behind Dr, BCC Layout, Vijayanagar, Bengaluru, Karnataka 560040",,9916666174,https://maps.app.goo.gl/bR7wAsiNvvVW5iEc7
82,Vaishnavi pg,,"bangalore 560040, near Canara Bank road, Vijaya Nagar II Stage, Kilkodungalur, RPC Layout, Attiguppe, Bengaluru, Karnataka 560040",,9060861667,https://maps.app.goo.gl/ag44qV5i6C7zyNzcA
83,Ladies PG Sri Vani,Ladies,"Shop No. 122/1, 2nd Stage, 2nd Main Road, Vinayaka Layout, Magadi Chord Rd, Govindaraja Nagar Ward, Madava Upanagara, Vijayanagar, Bengaluru, Karnataka 560040",,,https://maps.app.goo.gl/1ePDJ3vXVuZfVUEf9
84,Nandi Nest Men's Pg 2,Gents,"XG59+X4H, 2nd Block, Manasanagar, Chalukya Nagar, Nagarbhavi, Bengaluru, Karnataka 560072",,,https://maps.app.goo.gl/W5adoQdBe64SNXUi7
85,Shree Bapuji PG for girl's,Ladies,"insight , ias baba, 155, 6th Cross Rd, near chandra layout, Bapuji Layout, Maruthi Nagar, Vijayanagar, Bengaluru, Karnataka 560040",,9715777879,https://maps.app.goo.gl/SEioMaFiXkHSZZms8
86,SVS Boys PG,Gents,"1, st main, next to jj apartments, near to sanghamitra college, Marenahalli, PF Layout, Vijayanagar, Bengaluru, Karnataka 560040",,9880402964,https://maps.app.goo.gl/eWdX1srjn3XqEcVm7
87,Rajmahal pg 2,,"XG8G+3GG, 9th Main Rd, Govindaraja Nagar Ward, Vijayanagar, Bengaluru, Karnataka 560072",,,https://maps.app.goo.gl/vawYHVZ9DpwQgYWs8
88,Nayana PG & MESS,,"#74, Lokapath Rd, NGEF Layout, Nagarbhavi, Bengaluru, Karnataka 560072",,9398205078,https://maps.app.goo.gl/M6CqCgAPaiAzLQvj6
89,Shubham PG for Gents,Gents,"30, 60 Feet Rd, JC Nagar, Kurubarahalli, Maruthi Nagar, Bengaluru, Karnataka 560086",,9686276876,https://maps.app.goo.gl/Ht4zPDFimwkABAKo8
90,sarvodaya boys hostel,Gents,"11th Main Rd, JC Nagar, Kurubarahalli, Kamala Nagar, Bengaluru, Karnataka 560086",,,https://maps.app.goo.gl/iDWUKRaqgUZcyYSN6
91,Om sai lakshmi pg,,"#20, 3rd Cross Rd, Bimajyothi LIC Colony, VHBCS Layout, shankarmutt, Basaveshwar Nagar, Bengaluru, Karnataka 560086",,,https://maps.app.goo.gl/LTx5cKmBgH6oXA1B7
92,SLV PG FOR GENTS,Gents,"Shankar Mutt, NEAR, Bengaluru, Karnataka 560079",,9740513307,https://maps.app.goo.gl/s9RgcZvyTRbjUKmH7
93,Elite PG for boys,Gents,"bus stop, Kamakshipalya, Bengaluru, Karnataka 560079",,,https://maps.app.goo.gl/5FtLL29xjBEnwq1n8
94,SGR Gents PG - Shree Guru Rayaru PG For Gents,Gents,"Bus Stop, 15/1, 6th Cross Rd, near Sharada Colony, Karekallu Kamakshipalya, KHB Colony, Basaveshwar Nagar, Bengaluru, Karnataka 560079",,,https://maps.app.goo.gl/B7GqLDE7KnGXoFKG6
95,Lakshmi pg for gents unit 3,Gents,"Magadi Main Rd, near by Bank of Baroda, HVR Layout, KHB Colony, Basaveshwar Nagar, Bengaluru, Karnataka 560079",,9480912748,https://maps.app.goo.gl/n1nBzXvGP3jkk1Hx7
96,SLN PG For boys,Gents,"Govindaraja Nagar Ward, Priyadarshini Layout, Kamakshipalya, Bengaluru, Karnataka 560079",,,https://maps.app.goo.gl/no24ht2vcF3xxmEY6
97,Karnataka pg for boys,Gents,"33 MIG 1st main, 1st Cross Rd, Basaveshwar Nagar, Bengaluru, Karnataka 560079",,,https://maps.app.goo.gl/T5UST4moqSTeP87A8
98,Sai Shardhamba ladies PG,Ladies,"1st Main road, 4th Main Rd, Sharada Colony, Basaveshwar Nagar, Bengaluru, Karnataka 560079",,9845139196,https://maps.app.goo.gl/qjFd2NmW3MqZG4bB7
99,Jajee PG,,"KHBCS Layout, 44/1, 8th Main Cross Rd, above V R Mart, 3rd Stage 4th Block, 4th Block, Basaveshwar Nagar, Bengaluru, Karnataka 560079",,9019834187,https://maps.app.goo.gl/r4xetqUg19Ho1gKU9
100,Amoghavarsha PG center,,"1, Magadi Main Rd, near Veeresh Theatre, Agrahara Dasarahalli, Kamakshipalya, Bengaluru, Karnataka 560010",,,https://maps.app.goo.gl/jLaPt29v5Crpo5H28
101,INDIAN INSTITUTION OF SCIENCE (IISC) BANGALORE,,,,,
102,Stanza Living Vilnius House - PG in Mathikere | Boys PG,Gents,"4, 1, MSR College Rd, A.K.Colony, Mathikere Extension, Devasandra Layout, Bengaluru, Karnataka 560054",Mathikere,8047622222,https://maps.app.goo.gl/7mkG3ApkgW5X9Uuc6
103,DK ladies PG,Ladies,"22/1 14th A Cross, 10th Main Rd, Malleshwaram, Bengaluru, Karnataka 560003",Malleshwaram,9886738071,https://maps.app.goo.gl/PA6fV4SGM6gxXEzr7
104,PG for Boys,Gents,"#9, 11th A Cross Rd, Swimming Pool Extension, Sudheendra Nagar, Malleshwaram, Bengaluru, Karnataka 560003",Malleshwaram,9663652702,https://maps.app.goo.gl/sMAzfjWZecPTX3c4A
105,SSR BOYS PG,Gents,"81/1 Westpark road, 18th cross, Malleshwaram, Bengaluru, Karnataka 560003",Malleshwaram,9900694130,https://maps.app.goo.gl/nUuAMadtWWUddfEE6
106,RR Boys PG - Mens PG in Malleshwaram,Gents,"1st Floor, Muktha Building, 109, 18th Cross, 8th Main Rd, Malleshwaram, Bengaluru, Karnataka 560055",Malleshwaram,7019766561,https://maps.app.goo.gl/xPArGJ7fvzxJbkfx8
107,Sree Gayathri Pg,,"No.21, Mangalam Residency, 1st Main Rd, Subedarpalya, Yeswanthpur, Bengaluru, Karnataka 560022",Yeswanthpur,9066217763,https://maps.app.goo.gl/4AQ3BsU68ryFPxn18
108,Anu Gent's pg,Gents,"13, 2nd cross ,pipeline main road malleshwaram Above SBI and Canara Bank ATM. Phone number- 8792869349, 5, Dattatreya Temple St, Rd, Malleshwaram, Bengaluru, Karnataka 560003",Malleshwaram,8792869349,https://maps.app.goo.gl/anAhkxggmDsevvxTA
109,Subramaniam's PG rental,,"18, 17th Cross Rd, 6th Block, Malleshwaram, Bengaluru, Karnataka 560055",Malleshwaram,9845162607,https://maps.app.goo.gl/i94REVf7oJCisRFw5
110,KM PG FOR MEN YESHWANTHPUR MATHIKERE MALLESWARAM,Gents,"1st Main Rd, Kamla Nehru. Extension, Yeswanthpur, Bengaluru, Karnataka 560022",Yeswanthpur,9663606010,https://maps.app.goo.gl/b7mAW7W5ktk2xEei8
111,Harpreet Ventures PG Rooms,,"Malleswaram Arcade, 147, Margosa Rd, Malleshwaram, Bengaluru, Karnataka 560003",Malleshwaram,9845577977,https://maps.app.goo.gl/TPTP1vwAUFSjags28
112,Sri RD Paying Guest,,"2H3C+G62 #74 East Park Road Malleswaram Sampige Road, And, Margosa Rd, near Sai Mandir, Bengaluru, Karnataka 560003",Malleshwaram,9980873158,https://maps.app.goo.gl/BuRUdbRQMLfLexAN9
113,SHREE SHAILA PG FOR LADIES,Ladies,"183, 1st Floor Vihari's Building Margosa Road 15th Cross, Malleshwaram, opposite Giriyas, Bengaluru, Karnataka 560055",Malleshwaram,9964681666,https://maps.app.goo.gl/jzM1g32eJfbHNVys6
114,AHS Boys PG,Gents,"1098, Triveni Cross Rd, 1st Stage, Gokul Extension, Kamala Nehru Extention, Yeswanthpur, Bengaluru, Karnataka 560022",Yeswanthpur,9663290727,https://maps.app.goo.gl/v4p3agBJMvmhabU86
115,PG Residence Maria Nivas,,"St Peter PG Hostel Rd, Malleshwaram, Bengaluru, Karnataka 560055",Malleshwaram,,https://maps.app.goo.gl/VZ6LVZdMz7VDen2D7
116,Dlite Stays PG,,"4th Cross Road, MS Ramaiah Rd, Gokula 1st Stage, Mathikere Extension, Bengaluru, Karnataka 560054",Mathikere,8050084888,https://maps.app.goo.gl/AKDNresjY7F48suA6
117,Sri Sai Pg for gents Malleswaram,Gents,"43/3 ,6th cross, 7th Main Rd, near BBMP fitness centre, Malleshwaram, Bengaluru, Karnataka 560003",Malleshwaram,9980240675,https://maps.app.goo.gl/3NJtbBc4NjcpBSJ79
118,SSR Ladies PG,Ladies,"13, 14th A Cross Rd, near MES COLLEGE, Malleshwaram, Bengaluru, Karnataka 560003",Malleshwaram,7019677752,https://maps.app.goo.gl/nhx55nazWJHaEHpc7
119,VeenaShree luxurious PG for men's,Gents,"90/1, 5th Cross Rd, Sangeetha Apts, Malleshwaram, Bengaluru, Karnataka 560003",Malleshwaram,7892535611,https://maps.app.goo.gl/GUmz1uzXpFAjxNoY8
120,Sri Raghavendra PG For Gents,Gents,"32, 12th Cross Rd, Malleshwaram, Bengaluru, Karnataka 560003",Malleshwaram,9008824397,https://maps.app.goo.gl/PEsodP3CAA9LXT257
121,Sri Nandi PG For Gents,Gents,"No 48/2, 13th Cross, 8th Main Rd, Opposite Manipal Hospital OPD, Malleshwaram, Bengaluru, Karnataka 560003",Malleshwaram,9341212629,https://maps.app.goo.gl/tWtrzBAWC47RkRaK8
122,Indian Institute of Management Bangalore (IIMB),,,,,
123,Reyaansh Living PG for Gents,Gents,"No. 22/23, Bannerghatta Rd, next to Parimala Hospital, Doresanipalya, Anthappa Layout, Phase 4, Bilekahalli, Bengaluru, Karnataka 560078",Bilekahalli,7026778889,https://maps.app.goo.gl/c9hSnz5NETktpDMg9
124,Zolo Virgo Student's PG near Bannerghatta Road Christ University,,"25, Bannerghatta Rd, next to Christ university, Pai Layout, Hulimavu, Bengaluru, Karnataka 560076",Hulimavu,7829411002,https://maps.app.goo.gl/NsmaKPrCchHuhcxJ9
125,Chitti luxury Pg,,"Bannerghatta Rd, near ganesha temple, Omkar Nagar, arekeere mick layout, Bengaluru, Karnataka 560076",Arekeere mick layout,7036600364,https://maps.app.goo.gl/U3LkRzG9cuZ3SBZr5
126,Rentorio Dreamville - Ladies Paying Guest Bannerghatta Road,Ladies,"Bannerghatta Rd, 1st Cross Rd, Pai Layout, Hulimavu, Bengaluru, Karnataka 560076",Hulimavu,7411787777,https://maps.app.goo.gl/6baHQzy7QjyVDfN38
127,S R M PG FOR GENTS,Ladies,"1st Main 3rd Cross, Arakere Bannerghatta Rd, Samrat Layout, Bengaluru, Karnataka 560076",Samrat Layout,8884441636,https://maps.app.goo.gl/6DPTzYx9V85qtt4F6
128,Zolo spica -Girls PG near Bannerghatta Road | PG near Christ University Bannerghatta campus,Ladies,"55 &62, 5th Cross, Doddaama Main Road, Bannerghatta Rd, Bengaluru, Karnataka 560076",Bannerghatta,,https://maps.app.goo.gl/tkkrVL2yqNbvgkWk6
129,Mandal Living luxury PG for gents,Gents,"18-21, 3rd Main Rd, Sundar Ram Shetty Nagar, Bilekahalli, Bengaluru, Karnataka 560076",Bilekahalli,8951560310,https://maps.app.goo.gl/UNE7fju3zpqvZ5W68
130,SRK PG FOR GENTS,Gents,"Bus stop, No.1, 6th Cross, Bannerghatta Rd, behind Bilekahalli, near IIMB, Bilekahalli, Bengaluru, Karnataka 560076",Bilekahalli,,https://maps.app.goo.gl/sPg2igRs62GUGTWW9
131,Sai Ganesh Gents PG,Gents,"House No.22, 3rd cross, Bannerghatta Rd, Sundar Ram Shetty Nagar, Bilekahalli, Bengaluru, Karnataka 560076",Bilekahalli,9492951525,https://maps.app.goo.gl/Fz7BrJDe8HabbeSo9
132,Sri Varasiddhi PG for Gents,Gents,"L.V Towers, 72, Bannerghatta Rd, opposite INDIAN INSTITUTE OF MANAGEMENT BANGALORE, Krishnaraju Layout, Amalodbhavi Nagar, Bilekahalli, Bengaluru, Karnataka 560076",Bilekahalli,,https://maps.app.goo.gl/q5PZeHDobMh4DMQA7
133,Skyla PG For Gents,Gents,"#5, Dorasani Palya, Arekere Gate, Bannerghatta Rd, beside Central Mall, Bengaluru, Karnataka 560076",Arekeere mick layout,7975789564,https://maps.app.goo.gl/mradtiVKjZ2KWBCr8
134,Ss luxury pg for gents,Gents,"No 58, Govind Reddy Layout Road, near ganesh temple, Arekere MICO Layout 2nd stage, 1st Stage, Panduranga Nagar, Bengaluru, Karnataka 560076",Panduranga Nagar,8639871947,https://maps.app.goo.gl/vzSrMt9VRpqGXFTF8
135,Executive PG For Ladies,Ladies,"1/11 1st Main Road, Bannerghatta Rd, Arekere MICO Layout 2nd stage, 1st Stage, Brindavan Extension, Bengaluru, Karnataka 560076",Brindavan Extension,9845488968,https://maps.app.goo.gl/Z3yNn2GtuKntUWWi7
136,TejaSree co-Living PG (Adhi inn),CO-Living,"72, 3rd Cross, Arakere Bannerghatta Rd, behind Bata showroom, Syndicate Bank Layout, Bengaluru, Karnataka 560076",Syndicate Bank Layout,9948663663,https://maps.app.goo.gl/iku4LzumYpx9fji46
137,Sudarshan Luxury Living PG - Hulimavu,,"9 2nd cross, arch, Bannerghatta Rd, opp. Hulimavu, opp. christ university, Thimma Reddy Layout, Bengaluru, Karnataka 560076",Hulimavu,8488886550,https://maps.app.goo.gl/Xt5pQoHg11eCbp1e7
138,Shyam Stay Pure Veg PG for Boys - Aragini Comforts,Gents,"Pai Layout, Hulimavu, Bengaluru, Karnataka 560076",Hulimavu,9916055998,https://maps.app.goo.gl/PL918P4b9d3Ji52E9
139,Stanza Living Benidorm House | PG in Bannerghatta Rd,,"Site no 86,87 sy no 83/4 Doddamma layout, 2nd cross, Bannerghatta Rd, near Christ College, Hulimavu, Bengaluru, Karnataka 560076",Hulimavu,8047622222,https://maps.app.goo.gl/g1sfHnC7FhwdfKPJ9
140,Zolo Heaven- PG in Bannerghatta,,"Durga Shakti, 4th A Main Rd, Abbaappa Layout, BTM Layout 2nd Stage, Bilekahalli, Bengaluru, Karnataka 560076",Bilekahalli,8884518010,https://maps.app.goo.gl/KuoEpNU9fKQekctn7
141,National Law School of India University (NLSIU),,,,,
142,Comfort PG,,"#20, 3rd Cross, 2nd Main Rd, Manasanagar, Nagarbhavi, Bengaluru, Karnataka 560072",Nagarbhavi,,https://maps.app.goo.gl/c3nPeoBfBqSHDBxA6
143,Spring Fields PG For Ladies Nagarbhavi,Ladies,"No.22, Gnana Bharathi Main Rd, Teachers Colony, Nagarbhavi, Bengaluru, Karnataka 560072",Nagarbhavi,9964488988,https://maps.app.goo.gl/Q92st3jyu4EgKiX48
144,Spring Fields PG for Men Nagarabhavi,Gents,"11, Gnana Bharathi, Main Road, Circle, near National of Law School, Nagarbhavi, Bengaluru, Karnataka 560072",Nagarbhavi,9739383871,https://maps.app.goo.gl/svmxM2fjcqoWQUm28
145,Olive Ladies PG Accommodation,Ladies,"University Road, 13-1, Ganabharathi, Main Road, Teachers Colony, Nagarbhavi, Bengaluru, Karnataka 560072",Nagarbhavi,9964332833,https://maps.app.goo.gl/Bm9ikpTgDohUt1s56
146,Shivaleela boys pg,Gents,"10th Cross Rd, NGEF Layout, Nagarbhavi, Bengaluru, Karnataka 560072",Nagarbhavi,9986715644,https://maps.app.goo.gl/c1EUQDfsez3kRvXd9
147,R.V. College of Engineering (RVCE),,,,,
148,Ak kings Payingguest,,"No 76, Mysore Rd, opp. rvce, opp. metro pattangere, Duvasapalya, Harsha Layout, Kengeri Satellite Town, Bengaluru, Karnataka 560059",Pattangere,9380471683,https://maps.app.goo.gl/hnc15pqsM3J3czTK9
149,Stanza Living Granada House | Girls PG near RVCE,"Ladies, Gents","61, RV Vidyaniketan, Mailasandra, Bengaluru, Karnataka 560059",Mailsandra,8047622222,https://maps.app.goo.gl/BBSxpZpSxULrps7n9
150,Stanza Living Cordoba House | Gents PG near RVCE,Gents,"Hamsa Prashant, 1, Pattanagere Main Rd, BHEL Layout, Rajarajeshwari Nagar, RVCE, Bengaluru, Karnataka 560059",RR Nagar,8047622222,https://maps.app.goo.gl/F7inud5mYZyUc2W37
151,SS Luxury PG for Gents,Gents,"global village front gate, 4, 5, Pattanagere Main Rd, behind stanza livings, RV Vidyaniketan, Mailasandra, Bengaluru, Karnataka 560059",Mailsandra,7899538169,https://maps.app.goo.gl/QWJ1ChvDRmg7Ui1Z6
152,J v queens prime pg for girls,Ladies,"Thimmayappa circle, 16, 1st cross pattanagere main road, Anjaneya Swamy Temple Rd, near by poornima palace, near GLOBAL VILLAGE TECH PARK, Bengaluru, Karnataka 560059",Pattangere,9632116655,https://maps.app.goo.gl/FPEeWL2N4sgX9FH1A
153,SSR Pg For Ladies,Ladies,"R. V. College, 23/10, 1st Main Road, opp. Global Village Tech, Post, Pattanagere, Bengaluru, Karnataka 560098",Pattangere,8328460543,https://maps.app.goo.gl/UG2nYrbiDBEYJaNU6
154,S L V Ladies & Gents PG,Gents,"21, 1st Cross Rd, opp. Global city tech park, near RV COLLEGE OF ENGINEERING, Pattanagere, Rajarajeshwari Nagar, Bengaluru, Karnataka 560059",Pattangere,8152892059,https://maps.app.goo.gl/mVmbm6vMETnwBfYr9
155,RV COMFORTS PG,,"Balaji layout, RV Vidyaniketan, Mailasandra, Bengaluru, Karnataka 560059",Mailsandra,9844940000,https://maps.app.goo.gl/VkfHUYPE2ktUgV42A
156,P & P Comforts Co-living Paying Guest,CO-Living,"2nd Cross Rd, Balaji Nagar, Mailasandra, Bengaluru, Karnataka 560059",Mailsandra,9844940000,https://maps.app.goo.gl/mwGbELECdXXAoV758
157,Insta Living (Co-Living | PG),CO-Living,"78, Mylsandra, near Global Tech Park, beside zee studio, Balaji nagar, Mailasandra, Bengaluru, Karnataka 560059",Mailsandra,8310150887,https://maps.app.goo.gl/Dbx9taSqGirrmdFz8
158,Sri Balaji pg,,"92, Mysore Rd, RV Vidyaniketan, Mailasandra, Bengaluru, Karnataka 560059",Mailsandra,9949741393,https://maps.app.goo.gl/5Ekojo5NiKe5c3T89
159,SNS PG for Gents,Gents,"back gate, GLOBAL VILLAGE TECH PARK, 119, SNS pg for gents, 1st cross, cross, Balaji Layout, Mailasandra, Bengaluru, Karnataka 560059",Mailsandra,,https://maps.app.goo.gl/3e1keJ617Fpgn8rF8
160,VENKATA DEEPSHITA SREE PG FOR GENTS,Gents,"Balaji layout, 4/5 Global village backgate, Mylasandra, Near, Vasundra Cyber Nest Rd, appartment, Bengaluru, Karnataka 560059",Mailsandra,,https://maps.app.goo.gl/VPqfBnTR36T4zgPQ6
161,PVR Heritage House PG for Ladies near Global Village tech park,Ladies,"Sri Riyaansh, No 449-D, behind HDFC Bank Mylasandra, BEML Layout 7th Stage, Mailasandra, Bengaluru, Karnataka 560059",Mailsandra,9494449323,https://maps.app.goo.gl/rSUzKjejgnfFw3C27
162,Sri Sai Anugraha PG for Gents,Gents,"Building no 175, BEML layout 7th stage, Global village back gate, behind Karnataka Bank - Global Village Branch, Bengaluru, Karnataka 560059",Global Village,9962770040,https://maps.app.goo.gl/5P4cTQFHvXUvbvn6A
163,FF21-RRN,,"WG56+MWH, Rajarajeshwari Nagar, Bengaluru, Karnataka 560098",RR Nagar,,https://maps.app.goo.gl/j3R56AxdK1wigCHG9
164,BMS College of Engineering (BMSCE),,,,,
165,SRI YOGALAKSHIMI LADIES PG,Ladies,"Guru Krupa, 28, E Anjaneya Temple St, Basavanagudi, Bengaluru, Karnataka 560004",Basavanagudi,9442266467,https://maps.app.goo.gl/BE6wtNu925FHHDx78
166,Sri Balaji P.G.,,"4, North, W Anjaneya Temple St, Gandhi Bazaar, Basavanagudi, Bengaluru, Karnataka 560004",Basavanagudi,9341923235,https://maps.app.goo.gl/gMERXUEL95PXx6Ji8
167,Sai baba pg,,"85/2, Bull Temple Rd, near Indusland Bank, Gavipuram Extn, Gavipuram Extention, Kempegowda Nagar, Bengaluru, Karnataka 560004",Kempegowda Nagar,9480601474,https://maps.app.goo.gl/t2orm17gZ1WkMEbG6
168,MyHome Boys PG,Gents,"1st Phase, 133, Gandhi Bazaar, near Subway, Gandhi Bazaar, J. P. Nagar, Bengaluru, Karnataka 560004",J P Nagar,9945939527,https://maps.app.goo.gl/U5zhCaDi9rTQoHEe6
169,Vidhya PG,,"4th Cross Road, Bull Temple Road, 34, Kabirmutt Rd, Basavanagudi, Bengaluru, Karnataka 560004",Basavanagudi,,https://maps.app.goo.gl/LwA9JEAyFdUpPy6e7
170,Sapthagiri PG For Boys,Gents,"#38, Mount Joy Rd, near Dosa Camp, Sunkenahalli, Hanumanthnagar, Basavanagudi, Bengaluru, Karnataka 560004",Basavanagudi,9900601954,https://maps.app.goo.gl/eP3ZnQrrEsFQCC5d8
171,Shubam Residency Boys PG,Gents,"12/30, Mount Joy Rd, Sunkenahalli, Hanumanthnagar, Basavanagudi, Bengaluru, Karnataka 560004",Basavanagudi,6363744879,https://maps.app.goo.gl/V5bdhvVunkMbUL5R8
172,Unnathii Boys pg,Gents,"Ramu Plaza, GANESH BHAVAN BUS STOP, near BMS ENGINEERING COLLEGE, Sunkenahalli, Gavipuram Extn, Basavanagudi, Bengaluru, Karnataka 560019",Basavanagudi,8217566789,https://maps.app.goo.gl/Sd8emnikyJTjgm1P9
173,DJ Boys Pg,Gents,"1, Mount Joy Rd, Sunkenahalli, Hanumanthnagar, Sunkenahalli, Basavanagudi, Bengaluru, Karnataka 560004",Basavanagudi,,https://maps.app.goo.gl/9Yzwm3ge2m4bxNBt6
174,Ranjith boy's PG,Gents,"Ganesh bhavan, 134, 3rd main road, 4th Cross Rd, near Malgudi tea shop, Hanumanthnagar, Bengaluru, Karnataka 560004",Hanumanthnagar,8050559215,https://maps.app.goo.gl/bSXjqmCAoE9KRgHs8
175,Ram Nivas Pg for Boys,Gents,"BMS COLLEGE OF ENGINEERING, 8 mount joy road new extension, Hanumanthnagar, Near:, Bengaluru, Karnataka 560019",Hanumanthnagar,9917546305,https://maps.app.goo.gl/7kPPQuku3dYD1xneA
176,Haven Stays - PG for Boys,Gents,"Mount Joy Extension, Hanumanthnagar, Banashankari 1st Stage, Banashankari, Bengaluru, Karnataka 560050",Hanumanthnagar,7019446895,https://maps.app.goo.gl/NXbFqt5Y4icMtaa17
177,Sri Sai Krishna Gents PG,Gents,"3rd Cross Rd, beside Teaday, Mount Joy Extension, Hanumanthnagar, NR Colony, Basavanagudi, Bengaluru, Karnataka 560050",Basavanagudi,9908018770,https://maps.app.goo.gl/xXJHtAnAbrZ8qCqV7
178,Paradise Boys PG,Gents,"895/29, 3rd Cross Rd, Hanumanthnagar, Banashankari 1st Stage, Banashankari, Bengaluru, Karnataka 560050",Banashankari,9481841147,https://maps.app.goo.gl/yZYTVhsNiigAgTvw9
179,Ram Nivas Boys Pg,Gents,"Old, 1344, 5th Cross Rd, CK Nagar, Banashankari 1st Stage, Bengaluru, Karnataka 560050",Banashankari,8884888805,https://maps.app.goo.gl/PnHvYbA8KRuf5W6p9
180,"SRK PG FOR LADIES, NEAR BMS",Ladies,"1353/16/2, 5 th Cross, 1, st Stage, near Ashok Nagar, near Euro Kids Pre School, NR Colony, Basavanagudi, Bengaluru, Karnataka 560050",Basavanagudi,9916530796,https://maps.app.goo.gl/DpmzPpYE7BVyM9ji8
181,SRI SAI Men's PG,Gents,"near CK Nagar, CK Nagar, NR Colony, Basavanagudi, Bengaluru, Karnataka 560070",Basavanagudi,,https://maps.app.goo.gl/u6amxqRTK4n6jsqv7
182,Prakyath pg for boys,Gents,"12/1, 2nd Cross Rd, Mount Joy Extension, Ashok Nagar, Banashankari 1st Stage, Basavanagudi, Bengaluru, Karnataka 560058",Basavanagudi,,https://maps.app.goo.gl/DuU8MPeG5w3nNUfK6
183,2nd Home Boys Hostel Pg,Gents,"2nd cross, near BMS College, 4th block, Thyagaraja Nagar, Banshankari 2nd stage, Bengaluru, Karnataka 560050",Thyagaraja Nagar,9845101360,https://maps.app.goo.gl/kWNjz18h9sBpZyua8
184,Raghvendra pg for gents,Gents,"11, 8th Cross Rd, NR Colony, Basavanagudi, Bengaluru, Karnataka 560050",Basavanagudi,,https://maps.app.goo.gl/35K5sz1u6tK54tBN6
185,M.S. Ramaiah Institute of Technology (MSRIT),,,,,
186,Stanza Living Vilnius House - PG in Mathikere | Boys PG,Gents,"4, 1, MSR College Rd, A.K.Colony, Mathikere Extension, Devasandra Layout, Bengaluru, Karnataka 560054",Mathikere,8047622222,https://maps.app.goo.gl/yeSyXDARdk5i9dko7
187,Srishti Tulips Gents PG,Gents,"101A, 5th Cross Rd, M S R Nagar, Mathikere, Bengaluru, Karnataka 560054",Mathikere,9845107010,https://maps.app.goo.gl/nF4hgy7QdWr4LbMC8
188,MTP LADIES PG,Ladies,"6 TH MAIN, 6th Cross Rd, M S R Nagar, Mathikere, Karnataka 560054",Mathikere,9995709705,https://maps.app.goo.gl/5bt7HjQmdHUDGKnLA
189,Stanza Living Norton House,,"#225, 4th Cross Rd, Chikkamaranahalli, M S Ramaiah Nagar, Mathikere, Bengaluru, Karnataka 560054",Mathikere,8046007439,https://maps.app.goo.gl/7pZ7y2hcvxAmfE838
190,Srirama Boys Hostel,Gents,"No:#11, 1st Main, MSR Nagar Rd Ext, M S Ramaiah Nagar, Mathikere, Bengaluru, Karnataka 560054",Mathikere,8056696176,https://maps.app.goo.gl/vBE6Ef3ZENk9sVSw5
191,Saish Living Spaces Ladies Pg,Ladies,"48, Tara Manjunath, 5, New BEL Rd, opposite Ramaiah gate, off Pipeline Road, Venkateshwara Layout, Bengaluru, Karnataka 560054",Venkateshwara Layout,9902411115,https://maps.app.goo.gl/6fChcUZEHakZSzm67
192,Trica Girls Stay Home,Ladies,"Pipeline Road, 1/A, MSR Nagar Rd Ext, Opposite to Gate 3 MSRIT, Jaladarshini Layout, Mathikere, Bengaluru, Karnataka 560054",Mathikere,9538525454,https://maps.app.goo.gl/8ZNQaZkEo1YuSuEbA
193,"Loop by Zolo Ramaiah, Bangalore",,"Site no. 26, 1st Main Rd, opposite to MS Ramaiah hospital, Jaladarsini Layout, Sanjayanagara, Bengaluru, Karnataka 560094",Sanjayanagar,7996012700,https://maps.app.goo.gl/fnUBnLkJK9qsBxZW8
194,chaitanya PG for Boys,,"36, 9th Main Rd, Mathikere Extension, Mathikere, Bengaluru, Karnataka 560054",Mathikere,8548045763,https://maps.app.goo.gl/Li53V1MCQ5fbK3WZ9
195,Dream City Paying Guest Accommodation For Boys,Gents,"2HJ6+9VR, MSR Road, Gokula 1st Stage, Mathikere Extension, Mathikere, Bengaluru, Karnataka 560054",Mathikere,9483972552,https://maps.app.goo.gl/DRRKcfZoMPZcZhj29
196,Stanza Living Fargo House | PG for Males near Mathikere,Gents,"A.K.Colony, Gokula 1st Stage, Mathikere Extension, Devasandra Layout, Bengaluru, Karnataka 560054",Mathikere,8047622222,https://maps.app.goo.gl/Ci4kVHT75gU6752a6
197,Greens PG,,"Ramaiah College Road, 82/9, 12th Main, A.K.Colony, Gokula 1st Stage, M S, Mathikere, Bengaluru, Karnataka 560054",Mathikere,8495990432,https://maps.app.goo.gl/esrmFZ5jKuWPD5Ag8
198,Kalyani Boys P.G.,Gents,"4th, #82/7, 13th Main, Cross, MSR College Rd, Mathikere, Bengaluru, Karnataka 560054",Mathikere,9986953224,https://maps.app.goo.gl/ouRLkqu1oddR7k1h8
199,TOP 10 GRAND BOYS PG MATHIKERE,Gents,"4/3, 12th Main, 4th Cross, MS Ramaiah, College Road, Mathikere, Bengaluru, Karnataka 560054",Mathikere,9606769477,https://maps.app.goo.gl/nRBV5gzCp3MDnrKu5
200,TOP 10 Residency & PG Accomodation Mathikere,,"Ramaiah Engineering College, 18,1st cross, main road, near IISc, Mathikere, Bengaluru, Karnataka 560054",Mathikere,7204115988,https://maps.app.goo.gl/WdnW6qfPPN78jfLRA
201,Maa Prema Ladies Hostel&Pg,Ladies,"2/1, 1st Cross, MSR College Rd, A.K.Colony, Mathikere Extension, Mathikere, Bengaluru, Karnataka 560054",Mathikere,9379636438,https://maps.app.goo.gl/Fqk7T8mV6gtzhcLAA
202,Dlite Stays PG,,"4th Cross Road, MS Ramaiah Rd, Gokula 1st Stage, Mathikere Extension, Bengaluru, Karnataka 560054",Mathikere,8050084888,https://maps.app.goo.gl/DoYShrsQiRF86KZQ9
203,MTP PG FOR BOYS,Gents,"5/4, 4th Cross, MSR College Rd, Mathikere, Bengaluru, Karnataka 560054",Mathikere,8660561964,https://maps.app.goo.gl/YfjiABYmJCYew7QX7
204,Maurya Paradise Inn,,"Gate NO. 11, No:#7/1, MSR Engineering College Rd, near Ramaiah College, Gokula 1st Stage, Mathikere Extension, Mathikere, Bengaluru, Karnataka 560054",Mathikere,9886226311,https://maps.app.goo.gl/35K5sz1u6tK54tBN6
205,PES University (PESU),,,,,
206,Mahatma Gandhi PG (GENTS),Gents,"WGPM+55F, Dwaraka Nagar, Banashankari, Bengaluru, Karnataka 560085",Banashankari,9448402183,https://maps.app.goo.gl/2eHLqTfuBq1erzzc9
207,Panchavati sri Anjeneya Luxury pg gents,Gents,"Veerabhadra Nagar, Banashankari 3rd Stage, Banashankari, Bengaluru, Karnataka 560085",Banashankari,9632345041,https://maps.app.goo.gl/AkNHwyhe4exB4ZxTA
208,SVS PG for Boys,Gents,"13/14, 7th cross, near PES UNIVERSITY, near Ganesh Temple, Dwaraka Nagar, Banashankari, Bengaluru, Karnataka 560085",Banashankari,9581023498,https://maps.app.goo.gl/f8jNFduwYExzdofD7
209,Sai Mens PG,Gents,"32, Outer Ring Rd, Veerabhadra Nagar, Dwaraka Nagar, Banashankari, Bengaluru, Karnataka 560085",Banashankari,,https://maps.app.goo.gl/Qh6Nc8AmY9yLyUeW7
210,ROYAL LUXURY PG FOR GENTS PES University Banashankari,Gents,"4, 80 Feet Rd, 1st phase Girinagar, Phase 2, Banashankari 1st Stage, Banashankari, Bengaluru, Karnataka 560085",Banashankari,7730000649,https://maps.app.goo.gl/74fMw4P2qfVSaMUy6
211,Shree Kalpavriksha Kamadhenu New Luxury Ladies PG (Near PES/PSET College),Ladies,"10, 14th Cross, Chamundinagar, Outer Ring Rd, BDA Layout, Banashankari 3rd Stage, Hosakerehalli, Bengaluru, Karnataka 560085",Hosakerehalli,9663815439,https://maps.app.goo.gl/d37zx8QaTrmMdRcw7
212,Queens Castle ladies pg PES COLLEGE Banashankari,Ladies,"187, 100ft, Outer Ring Rd, Banashankari 3rd Stage, Bengaluru, Karnataka 560085",Banashankari,9108265459,https://maps.app.goo.gl/CkyaBbgvvmMwqu6F8
213,PG Hostel Three Zero,,"2nd A Main Rd, Srinivasnagar, Banashankari, Bengaluru, Karnataka 560085",Banashankari,9380701326,https://maps.app.goo.gl/sV2Mc5FtAcVxnNFT8
214,SAI BOYS PG,Gents,"PES College Rd, near SN Bhat college and, Mysore Bank Colony, Nagendra Block, Banashankari 1st Stage, Banashankari, Bengaluru, Karnataka 560050",Banashankari,,https://maps.app.goo.gl/TaKdEpkaqfvRsbPq9
215,SVG PG FOR GENTS,Gents,"156/A, 19/01, 10th Main, 50 Feet Main Rd, near PES College Road, Srinagar, Bengaluru, Karnataka 560050",Srinagar,7396838373,https://maps.app.goo.gl/JTbWcu2f3E8tVMut9
216,"SSM LUXURIOUS PG FOR LADIES - BMS, Qspyders, PES & Institute's",Ladies,"864/1, 2nd Floor PG Entrance 13th Mainroad, 5th Cross Rd, Hanumanth Nagar, Bengaluru, Karnataka 560019",Hanumanth Nagar,,https://maps.app.goo.gl/dBWKKi7EwvwCw7Aw7
217,Unnathii Boys pg,Gents,"Ramu Plaza, GANESH BHAVAN BUS STOP, near BMS ENGINEERING COLLEGE, Sunkenahalli, Gavipuram Extn, Basavanagudi, Bengaluru, Karnataka 560019",Basavanagudi,8217566789,https://maps.app.goo.gl/eZUKNLwRxKXSp4Uw6
218,International Institute of Information Technology Bangalore (IIIT-B),,,,,
219,Stanza Living Lisbon House | Coliving PG in Electronic City Phase 1,CO-Living,"47/11, Velankani Drive, Doddathogur Rd, opposite Velankani Tech park, next to SJR EQUINOX, Electronic City Phase I, Electronic City, Doddathoguru, Karnataka 560100",Doddathogruu Electronic City,8046007696,https://maps.app.goo.gl/56vanDHdj2bzywkz8
220,S R Co-live Luxury pg,CO-Living,"56/14, Bachappa Rd, Sakamma Layout, Electronic City Phase I, Electronic City, Doddathoguru, Bengaluru, Karnataka 560100",Doddathogruu Electronic City,9535231466,https://maps.app.goo.gl/WTYRiScp4VwaSXjt6
221,Vennela PG for Co-Live - 1,CO-Living,"56/16, Bachappa Rd, Sakamma Layout, Electronic City Phase I, Electronic City, Doddathoguru, Bengaluru, Karnataka 560100",Doddathogruu Electronic City,9493793550,https://maps.app.goo.gl/GHXu9BKeFJ74cxrp6
222,SSS HOMES & PG SERVICES,,"Opp wipro gate, 13, Neeladri Rd, beside SHRIRAM SIGNIAA, opp. Wipro Avenue, Electronic City Phase I, Doddathoguru, Karnataka 560100",Doddathogruu Electronic City,8884791990,https://maps.app.goo.gl/C7qAx8t4p3spg3TN7
223,SRI SATHYA PG FOR LADIES,Ladies,"orchid park, 23, Neeladri Rd, Karuna Nagar, Electronic City Phase I, Electronic City, Doddathoguru, Karnataka 560100",Doddathogruu Electronic City,9066260566,https://maps.app.goo.gl/Wi8NcJrLRJsNJ3j48
224,Zolo Phoenix - PG in Electronic City Phase 1 | Coliving PG,CO-Living,"345, 7th Cross Road, Neeladri Nagar, Electronic City Phase I, Electronic City, Bengaluru, Maragondanahalli, Karnataka 560100",Maragondanahalli,8884518010,https://maps.app.goo.gl/2jST8RsJeRKa91QF7
225,SV HOMES LUXURY PG FOR LADIES,Ladies,"69, 15th Cross Road, Neeladri Nagar, Electronic City Phase I, Electronic City, Doddathoguru, Karnataka 560100",Doddathogruu Electronic City,7259563717,https://maps.app.goo.gl/9evKAZR1nszqKJiK7
226,A.R. Royal PG,,"RMJ5+V5V, Near cake point bakery, Shikaripalya, Electronic City, Bengaluru, Maragondanahalli, Karnataka 560105",Maragondanahalli,9980251265,https://maps.app.goo.gl/6rTqMHsdskjWYc7i6
227,Zolo Atlas - PG in Electronic City Phase 2 | Coliving PG,CO-Living,"Electronic City Phase 2, near Tech Mahindra, TCS, Schneider Electric and, other, Konappana Agrahara, Karnataka 560100",Konappana Agrahara,8884518010,https://maps.app.goo.gl/ZfDt3BefUyrHKpgY6
228,StayHive colive PG,CO-Living,"29,hosur Main Road, Annaiah Reddy Rd, near Chandana Delux, Konappana Agrahara, Electronic City, Konappana Agrahara, Karnataka 560100",Konappana Agrahara,8880498886,https://maps.app.goo.gl/C5canXgj6ji7C4337
229,sri nandhini pg for gents,Gents,"No 6, 2/2, post, near Infosys Drive, Konappana Agrahara, Electronic City, Konappana Agrahara, Karnataka 560100",Konappana Agrahara,8978654188,https://maps.app.goo.gl/nPVvs5WdFHdYdcXs7
230,SLV PG FOR LADIES(New PG),Ladies,"124, 2nd Cross, Infosys gate.6 road, Konappana Agrahara, Electronic City Phase I, Electronic City, Konappana Agrahara, Karnataka 560100",Konappana Agrahara,8884832200,https://maps.app.goo.gl/jBYedfeEepcMt5Qj9
231,Vss pg,,"Konappana Agrahara, Electronic City, Konappana Agrahara, Karnataka 560100",Konappana Agrahara,7899513224,https://maps.app.goo.gl/JkFYF7HGpgcGThyS6
232,Rainbow Pg For Gents,Ladies,"Rainbow PG For Gents, #95/1A3, Backside of Ayyapa Swamy Temple Konappana Agrahara, 6&4, Infosys Drive, Electronic City Phase I, Electronic City, Konappana Agrahara, Karnataka 560100",Konappana Agrahara,9686957555,https://maps.app.goo.gl/yryycxGhkB5rD1DcA
233,VSR STAY IN LADIES PG MAINTAIN BY PRAZO,Ladies,"Back side of आएमा स्वामी टेंपल, Konapana Agrahara Daffodils drive, Infosys Drive, near 6, Konappana Agrahara, Karnataka 560100",Konappana Agrahara,9632788889,https://maps.app.goo.gl/hyTqa34E4oJUV3kH9
234,Christ University ( Central Campus),,,,,
235,Pelagia Paradise PG for Boys,Gents,"34-41, Hosur Rd, Bharathi Layout, Maruti Nagar, 1st Stage, S.G. Palya, Bengaluru, Karnataka 560029",S G Palya,8892203834,https://maps.app.goo.gl/ruUGTVMoMaGa5Pvo6
236,CASA PG FOR GENTS,Gents,"13/4, 2nd Cross Rd, near Srinivasa Theater, opposite Tom and Jerry Bakery, DRC Post, Venkateshwara Layout, S.G. Palya, Bengaluru, Karnataka 560029",S G Palya,8548853911,https://maps.app.goo.gl/zamLXPpD6eqh2FVL6
237,VASANTA BHAVAN PG FOR GENTS in SG Palya,Gents,"Christ school 13/3, 10th Cross Road, SG Palya Main Rd, near food junction and christ school, Bengaluru, Karnataka 560029",S G Palya,6300598716,https://maps.app.goo.gl/3EYpGNBfhftLJxok7
238,Nest Premium Hostel for Girls,Ladies,"8, 9th Cross Rd, near Srinivasa theatre, DRC Post, Venkateshwara Layout, S.G. Palya, Bengaluru, Karnataka 560029",S G Palya,9986952202,https://maps.app.goo.gl/PkzseyEhCvKafWUD7
239,Sid Connect PG for Boys,Gents,"Infant Tower, 7/1, 10th Cross Rd, Venkateshwara Layout, S.G. Palya, Bengaluru, Karnataka 560029",S G Palya,7975594709,https://maps.app.goo.gl/GLjrX3VnRkr5yrELA
240,Good Lands PG for Ladies,Ladies,"108/6, 9th Cross, Hosur Main Road, behind Christ University, Venkateshwara Layout, S.G. Palya, Bengaluru, Karnataka 560029",S G Palya,9742889997,https://maps.app.goo.gl/F8TKCLqk1C1BDADdA
241,Yashmitha Hostel For Ladies,Ladies,"2nd main, 6th cross, sg palya, Koramangala, Bengaluru, Karnataka 560029",S G Palya,9886395331,https://maps.app.goo.gl/CBA5A24eVdRMYaX3A
242,Sri Comfort PG for Boys,Gents,"Christ University, 67/25, 4th Cross Rd, Venkateshwara Layout, S.G. Palya, Bengaluru, Karnataka 560029",S G Palya,9632280495,https://maps.app.goo.gl/81FXPiBxqmVPHYaEA
243,SHREE COMFORTS PG FOR GENTS,Gents,"36, 1st Main Road, 5th Cross Rd, near Christ University, near Nexus Mall, DRC Post, Venkateshwara Layout, S.G. Palya, Bengaluru, Karnataka 560029",S G Palya,9164444311,https://maps.app.goo.gl/9xgY3ZfASfWT5pSB8
244,Stanza Living Bratislava House | PG for Males in Koramangala,Ladies,"47, 3rd Cross Rd, Venkateshwara Layout, S.G. Palya, Bengaluru, Karnataka 560029",S G Palya,8046007686,https://maps.app.goo.gl/zSS7HjpzzcoUYxV86
245,Zolo Indus - Student PG Near Christ University | SG Palya,Ladies,"36/3, 3rd cross, 1st Main Rd, near Christ University, Venkateshwara Layout, S.G. Palya, Bengaluru, Karnataka 560029",S G Palya,8884518010,https://maps.app.goo.gl/zSS7HjpzzcoUYxV86
246,Zolo Nile - PG Near Christ University Central Campus | Student PG,Ladies,"30/1, S g palya, Venkateshwara Layout, Sadduguntepalya, Bengaluru, Karnataka 560029",S G Palya,,https://maps.app.goo.gl/eBRVSf9rX6qo1kJW8
247,Zolo Polaris - Best PG Near Christ University,Ladies,"6/4, 1st Main Rd, Tavarekere, Krishna Murthi Layout, S.G. Palya, Bengaluru, Karnataka 560029",S G Palya,8884518010,https://maps.app.goo.gl/BjQ12m7fo3JhJCUR8
248,Stanza Living Salzburg House | Gents PG in Koramangala,Gents,"55, 1st Main Rd, Tavarekere, Venkateshwara Layout, S.G. Palya, Bengaluru, Karnataka 560029",S G Palya,8047622222,https://maps.app.goo.gl/vZrgs9rL6sNj4r9y9
249,Ladies PG near Christ University -Ickon Homes,Ladies,"5th Cross Rd, Tavarekere, Venkateshwara Layout, S.G. Palya, Bengaluru, Karnataka 560029",S G Palya,8105580674,https://maps.app.goo.gl/jdpBSfPBaPrDsVCh8
250,Gayatri Luxury Gents PG,Gents,"157, 4th cross, Tavarekere Main Rd, near nexus mall, opposite to Ayyappa swamy temple, Tavarekere, Venkateshwara Layout, S.G. Palya, Bengaluru, Karnataka 560029",S G Palya,9620303099,https://maps.app.goo.gl/XyqMqCPvb5d51H46A
251,Zolo Maple - Best PG in Tavarekere | Coliving PG,CO-Living,"8, 1st Cross Rd, Tavarekere, Kaveri Layout, S.G. Palya, Bengaluru, Karnataka 560029",S G Palya,8884518010,https://maps.app.goo.gl/HL4tnfEwmNFrdEWB6
252,Huddle Stays Orion - PG near Christ University,Ladies,"2nd Floor, 43, SG Palya Main Rd, Venkateshwara Layout, Koramangala, Bengaluru, Karnataka 560029",S G Palya,9717610062,https://maps.app.goo.gl/HT7XBcFSuJsBxq7KA
253,Sakthi Pg for Ladies,Ladies,"32,Hosur Main Road, 1st Cross Rd, near Christ University, Chikku Lakshmaiah Layout, Bengaluru, Karnataka 560030",S G Palya,9900724909,https://maps.app.goo.gl/SAWFkcyMXtUaAsxp7
254,St Mary's Executive PG Accommodation,Ladies,"No-91,3rd Cross,Hosur Main Rd,Adugodi, near Christ Clg, Bengaluru, Karnataka 560030",Adugodi,9632915646,https://maps.app.goo.gl/WdPt9eohAuPHDTAy8
255,EaseMyliving,Ladies,"Hosur Main Road, Bhavani Nagar, S.G. Palya, Bengaluru, Karnataka 560030",S G Palya,6201126567,https://maps.app.goo.gl/vnxuWhrqo6SEgxim8
256,Miss Nest PG for girls,Ladies,"11/50, 1st Main Rd, Nanjappa Layout, Adugodi, Bengaluru, Karnataka 560030",Adugodi,7760515756,https://maps.app.goo.gl/wMrqSmRjdaFa69Fb7
257,St. Joseph's University,,,,,
258,4K MEN’S PG,Gents,"389, 7th Cross Rd, Bangiyappa Garden, Bheemanna Garden, Shanti Nagar, Bengaluru, Karnataka 560027",Shanti Nagar,,https://maps.app.goo.gl/zT44xrpNRE6R1XTN8
259,SSN Luxury PG for Men,Gents,"R K Manzil, Sai Muni Nilaya, #34/4, 5th Cross, Lakshmi Rd, opp. to Bikaner Corner, next to Grand Super Mart, Shanti Nagar, Bengaluru, Karnataka 560027",Shanti Nagar,9916589523,https://maps.app.goo.gl/8xaEq4vb2YQcY9Zw8
260,PADHAROSA Pg For Girl,Ladies,"ABOVE ALANKAR SUPERMARKET No.9,5th Cross, Lakshmi Rd, Shanti Nagar, Bengaluru, Karnataka 560027",Shanti Nagar,9845923111,https://maps.app.goo.gl/yTxsG68GQySHDody8
261,NEW MADHUSRI PG FOR GENTS,Gents,"33, 5th Cross Rd, Bangiyappa Garden, Bheemanna Garden, Shanti Nagar, Bengaluru, Karnataka 560027",Shanti Nagar,9110269189,https://maps.app.goo.gl/UHBV2h66yqCKsApW7
262,SRM STAYS PG FOR LADIES,Ladies,"52, Swastik Rd, Akkithimana Halli, Bheemanna Garden, Lakshmiamma Garden, Shanti Nagar, Bengaluru, Karnataka 560027",Shanti Nagar,7353571212,https://maps.app.goo.gl/BAU5QaPsj2tn34nCA
263,CENTRAL PG FOR MEN,Gents,"20, Circular St, A.T.Halli, Bheemanna Garden, Shanti Nagar, Bengaluru, Karnataka 560027",Shanti Nagar,9538075811,https://maps.app.goo.gl/1EhqgsQtB17nJyTx9
264,SMHM Luxurious PG for men,Gents,"No.8/1, Munimarappa Street, A.T.Halli, Bheemanna Garden, Akkithimmanahalli, Shanti Nagar, Bengaluru, Karnataka 560027",Shanti Nagar,,https://maps.app.goo.gl/3MFpvbHEWhVRj6sg7
265,New Blue Bells Paying Guest,,"Unnamed Road, A.T.Halli, Bheemanna Garden, Shanti Nagar, Bengaluru, Karnataka 560027",Shanti Nagar,,https://maps.app.goo.gl/8RE99Jt1aG8rJaa18
266,J V Prime Luxury pg for Ladies,Ladies,"1/1, muni marappa street, A.T.Halli, Bheemanna Garden, Shanti Nagar, Bengaluru, Karnataka 560027",Shanti Nagar,8686558886,https://maps.app.goo.gl/2kcLQZK4LTe26JWr7
267,SRM STAYS PG FOR LADIES,Ladies,"52, Swastik Rd, Akkithimana Halli, Bheemanna Garden, Lakshmiamma Garden, Shanti Nagar, Bengaluru, Karnataka 560027",Shanti Nagar,7353571212,https://maps.app.goo.gl/Mep1ho9pDimp4NDs6
268,SRM PRIME PG FOR GENTS,Gents,"Uttregowda street, Akkithimana Halli, Bheemanna Garden, Shanti Nagar, Bengaluru, Karnataka 560027",Shanti Nagar,8688102837,https://maps.app.goo.gl/yNZq5zarJ4oJUi3G6
269,SS Luxury PG for girls,Ladies,"57/3, 2nd cross, Swastik Rd, Shanti Nagar, Bengaluru, Karnataka 560027",Shanti Nagar,,https://maps.app.goo.gl/nygThLmYyeBMZUo17
270,GARDEN STAY Pg for Ladies,Ladies,"59/2-1, Swastik Rd, Bheemanna Garden, Shanti Nagar, Bengaluru, Karnataka 560027",Shanti Nagar,7001063174,https://maps.app.goo.gl/FbroD2RfLcmr2ivB8
271,Sunshine Rose Pg,,"Andree Rd, Bheemanna Garden, Shanti Nagar, Bengaluru, Karnataka 560027",Shanti Nagar,9743892224,https://maps.app.goo.gl/XhTv7TUNHJ2UYq8N7
272,Blue Bells PG - Luxury PG for girls Shathi Nagar,Ladies,"Axis Bank, 10, K H Road, Double Rd, Shanti Nagar, Bengaluru, Karnataka 560027",Shanti Nagar,9916800366,https://maps.app.goo.gl/2CU5pz1yBKaenEg26
273,K S Comforts PG for men,Gents,"4, E Block, Kengal Hanumanthaiah Rd, Srinivas Colony, Wilson Garden, Bengaluru, Karnataka 560027",Shanti Nagar,8884911089,https://maps.app.goo.gl/GgT3XMYES1z96aZp9
274,SSV HEAVEN PG FOR MEN,Gents,"13 1st Cross Rajaram Mohan Roy Extn K H, Double Rd, Shanti Nagar, Bengaluru, Karnataka 560027",Shanti Nagar,9945253316,https://maps.app.goo.gl/tXn9EZ64rQLHHSSGA
275,Hop inn pg for Gents,Gents,"ckc garden, 20, 1st Cross, Srinivas Colony, Sudhama Nagar, Bengaluru, Karnataka 560027",Shanti Nagar,9686127883,https://maps.app.goo.gl/FL1ETr8tmRErpv4t7
276,S S V STAY'S PG For Men's,Gents,"Bus Stop, 50/1,4 th cross,4th A cross, Double Rd, near HDFC Bank, near St Joseph's College, K.S. Garden, Shanti Nagar, Bengaluru, Karnataka 560027",Shanti Nagar,8073637439,https://maps.app.goo.gl/1reK743xf4waaxw18
277,Sri Balaji PG for Gents,Gents,"Sri Balaji PG for Gents, 2nd Cross Rd, behind Revoli hotel, Sudhama Nagar, Shanti Nagar, Bengaluru, Karnataka 560027",Shanti Nagar,7619440913,https://maps.app.goo.gl/38HJSmqiaDTVL45V8
278,Zolo Vedic - PG,,"Kengal Hanumanthaiah Rd, Sudhama Nagar, Bengaluru, Karnataka 560027",Shanti Nagar,8884518010,https://maps.app.goo.gl/1JosyaGHkybB3fZC8
279,Mount Carmel College (MCC),,,,,
280,Jaanvi's PG,Ladies,"before KIA Motors, 34 Divya-nir, 2nd Main 3rd Cross Road, Lane, Palace Cross Rd, Chakravarthy Layout, Bengaluru, Karnataka 560020",Chakravarthy Layout,8495800091,https://maps.app.goo.gl/L3RHCUCqAJYJNChF8
281,Mr.Rao's PG,Ladies,"3rd Floor, 126/4,1st Cross East End Narsunivas Apartment, Palace Cross Rd, Bengaluru, Karnataka 560020",Vasanth Nagar,7892032516,https://maps.app.goo.gl/Edo8FpABWsCUCrLFA
282,V V Paying Guest,Ladies,"9, 13th Main Rd, Vasanth Nagar, Bengaluru, Karnataka 560001",Vasanth Nagar,9902327573,https://maps.app.goo.gl/1Qb1Knbjrz7wmzfs5
283,The Dorm Girls Paying Guest,Ladies,"20, 8th Main Rd, 1st Cross, Vasanth Nagar, Bengaluru, Karnataka 560052",Vasanth Nagar,9113691138,https://maps.app.goo.gl/2K3EwpKVAd1n1w5e8
284,Zolo Mounts 23 - Ladies PG,Ladies,"23,1st cross, 8th Main Rd, Vasanth Nagar, Bengaluru, Karnataka 560051",Vasanth Nagar,,https://maps.app.goo.gl/KdzU6TtYnir1MyxT8
285,Shine pg,Ladies,"21, ""kurunji, 2nd Cross Rd, opp. union Bank, Vasanth Nagar, Bengaluru, Karnataka 560001",Vasanth Nagar,9845046087,https://maps.app.goo.gl/L87MNS8tyjmWGP8DA
286,Aaransh by Serenity Hostels,Ladies,"Aaransh by Serenity Hostels, No:11, 2nd Cross Rd, opp. Shangri-La, Vasanth Nagar, Bengaluru, Karnataka 560051",Vasanth Nagar,9632979797,https://maps.app.goo.gl/eCf1GxhQMQbEFBJd7
287,Agarwals Silver Nest - Best Paying Guest for Girls,Ladies,"48 (old 7, 3rd Main Rd, Vasanth Nagar, Bengaluru, Karnataka 560001",Vasanth Nagar,9341227937,https://maps.app.goo.gl/xuQBv1FStNgwKUM76
288,Golden Girls P.G,Ladies,"21, 2nd cross, 8th Main Rd, Vasanth Nagar, Bengaluru, Karnataka 560001",Vasanth Nagar,9845046087,https://maps.app.goo.gl/GzmRoAms3EYMbC2r6
289,Lotus PG For Girls,Ladies,"30, 6th Cross Rd, Vasanth Nagar, Bengaluru, Karnataka 560051",Vasanth Nagar,,https://maps.app.goo.gl/RMFZWByCKcNFgnDK9
290,Bhauwala guest House- girls pg,Ladies,"H.no. 6, 4th cross, 8th Main Rd, Vasanth Nagar, Bengaluru, Karnataka 560001",Vasanth Nagar,,https://maps.app.goo.gl/hE6k2ALQpRpcMnT38
291,Abode ladies pg,Ladies,"13, 14th Main Rd, Vasanth Nagar, Bengaluru, Karnataka 560001",Vasanth Nagar,,https://maps.app.goo.gl/vqwuvQA9k68XY1hcA
292,Anmol Atithi,Ladies,"5 th cross, 35, 11th Main Rd, Vasanth Nagar, Bengaluru, Karnataka 560001",Vasanth Nagar,,https://maps.app.goo.gl/NGCSj4cDUTRCiwmb9
293,THE PEARL NEST PAYING GUEST girls and boys,CO-Living,"5 8 th b cross vasathnagar bengaluru 560001, Bengaluru, Karnataka 560001",Vasanth Nagar,9964656048,https://maps.app.goo.gl/VGh5tkTvGzzajJtJ8
294,Sri lakshmi deluxe ladies pg,Ladies,"5, main, 10th Cross Rd, near star radio electrical, Vasanth Nagar, Bengaluru, Karnataka 560001",Vasanth Nagar,,https://maps.app.goo.gl/47w9MRXVqRMKHVap7
295,OMG PG for GIRLS,Ladies,"OMG PG, 12, 3rd Main Rd, near MCC COLLEGE, Vasanth Nagar, Bengaluru, Karnataka 560052",Vasanth Nagar,9538717171,https://maps.app.goo.gl/yw6AsoPCCQaAfA4j9
296,Bhagwan ladies PG paying guest,Ladies,"8th Main Rd, Vasanth Nagar, Bengaluru, Karnataka 560001",Vasanth Nagar,8951190999,https://maps.app.goo.gl/TnoQemBv1FCRA5DX6
297,Sky Homes PG (Girls Pg),Ladies,"26, 9th Main Rd, Vasanth Nagar, Bengaluru, Karnataka 560052",Vasanth Nagar,8892282831,https://maps.app.goo.gl/D5CVvxaBdH6Eaaiy5
298,Siri Girls PG,Ladies,"79, 8th Main Rd, near MOUNT CARMEL COLLEGE, Vasanth Nagar, Bengaluru, Karnataka 560001",Vasanth Nagar,9845046087,https://maps.app.goo.gl/UybvhkS7QbBR8PWR6
299,St. Joseph's Medical College,,,,,
300,Kc's paying guests For Ladies(PG),Ladies,"BDA Complex, #672, 6th D Cross Rd, 3rd Block, Koramangala 3 Block, Koramangala, Bengaluru, Karnataka 560034",Koramangala,9535104939,https://maps.app.goo.gl/f4nqB3re2oaJumh26
301,Login Living (Luxury) Mens PG,Gents,"B Block, 74, 7th A Cross Rd, behind Nandana Palace, KHB Block Koramangala, Koramangala 4-B Block, Koramangala, Bengaluru, Karnataka 560034",Koramangala,9900296390,https://maps.app.goo.gl/Un7KWL2K7UNqJdh3A
302,URBAN NEST Ladies PG,Ladies,"B Block, No. 22, Shivaparvathi Nilaya, near BDA complex, Koramangala, Bengaluru, Karnataka 560034",Koramangala,7892711169,https://maps.app.goo.gl/4EU4hBZZs5EiUZSp9
303,Concept Girls PG,Ladies,"30, 1st Cross Rd, KHB Colony, 5th Block, Koramangala, Bengaluru, Karnataka 560095",Koramangala,,https://maps.app.goo.gl/c8q9eZtyfEhi6VyS7
304,Sri VINAYAKA gets pg,,"WJMF+Q6V, 17th A Main Rd, KHB Block Koramangala, 5th Block, Koramangala, Bengaluru, Karnataka 560095",Koramangala,,https://maps.app.goo.gl/r1QW68JZkSxtD7uMA
305,Vimala pg,,"50, 4th Cross Rd, KHB Block Koramangala, 5th Block, Koramangala, Bengaluru, Karnataka 560095",Koramangala,,https://maps.app.goo.gl/nHKHnUTFTquTsAcx7
306,Park Avenue Paying Guest for Ladies,Ladies,"80, 3rd Cross Rd, KHB Block Koramangala, 5th Block, Koramangala, Bengaluru, Karnataka 560095",Koramangala,,https://maps.app.goo.gl/vaH3K48J9UZhkNyG8
307,S L N Classic PG FOR LADIES,Ladies,"NO.491, 2ND 7TH D CROSS, 5th Block, SRI LAKSHMI NIVASA, behind Jyoti Nivas College Road, KHB Colony, Bengaluru, Karnataka 560095",K B H Colony,9686464647,https://maps.app.goo.gl/PPBMNjKCXWq5ArEZ6
308,"Vikram’s Boys PG, Koramangala",Gents,"KHB Colony, 5th Block, Koramangala, Bengaluru, Karnataka 560095",K B H Colony,9916034068,https://maps.app.goo.gl/Qk8aBrWzAw11qDUq6
309,SRI LAKSHMI BALAJI LUXURY PG FOR GENTS,Gents,"#428, 17th Main, 1st Cross, K.H.B Colony, 5th Block, Koramangala Beside Jyothi Nivas College, and, opposite to Lord Krishna Temple, Bengaluru, Karnataka 560095",K B H Colony,9066062355,https://maps.app.goo.gl/t7Hx6hmm1mebk2bH6
310,FF21-KORA | Coliving PG in Koramangala,CO-Living,"Lakshya Towers, KHB Colony, 5th Block, Koramangala, Bengaluru, Karnataka 560095",Koramangala,,https://maps.app.goo.gl/M7cimWDtBi9wBKmW8
311,Emerald House 78,Gents,"13th Cross Road, 78, 17th H Main Rd, KHB Colony, 5th Block, Koramangala, Bengaluru, Karnataka 560095",Koramangala,9886420335,https://maps.app.goo.gl/7k7XgJS5Vgi7WM558
312,SRI BALAJI PG FOR LADIES,Ladies,"262, near GANESH TEMPLE, KHB Colony, 5th Block, Koramangala, Bengaluru, Karnataka 560095",Koramangala,6360091364,https://maps.app.goo.gl/iGzBSQ8719yPnsdg9
313,Zolo Wave - PG in Koramangala | Unisex PG,CO-Living,"250, 3rd Cross Rd, KHB Colony, 5th Block, Koramangala, Bengaluru, Karnataka 560095",Koramangala,8884518010,https://maps.app.goo.gl/LC89mQLNQwjaouQ26
314,SVVR LADIES PG,Ladies,"223, 4th Cross Rd, KHB Block Koramangala, 5th Block, Koramangala, Bengaluru, Karnataka 560095",Koramangala,,https://maps.app.goo.gl/sbCSBi3R1usWbaNJ9
315,VINAYAKA SRI SAI PG FOR LADIES,Ladies,"House no 196, 4th Cross Rd, KHB Colony, 5th Block, Koramangala, Bengaluru, Karnataka 560095",Koramangala,8088452948,https://maps.app.goo.gl/rLU5jVeQ9D3cgRiQA
316,Victoria Luxury Ladies PG - Koramangala,Ladies,"200, 4th Cross Rd, KHB Block Koramangala, 5th Block, Koramangala, Bengaluru, Karnataka 560047",Koramangala,7411699581,https://maps.app.goo.gl/zKDZDzmMRu9RjUH39
317,Stanza Living Lafayette House,,"Saptha Giri Property, 201, 4th Cross Rd, KHB Block Koramangala, 5th Block, Koramangala, Bengaluru, Karnataka 560095",Koramangala,8047622222,https://maps.app.goo.gl/DgLJyaxEUQ82kkBn7
318,Moksha new luxury boys PG,Gents,"93, 17th H Main Rd, opp. to Rays Pharmacy, KHB Colony, 5th Block, Koramangala, Bengaluru, Karnataka 560095",Koramangala,8374191941,https://maps.app.goo.gl/vUAkDHpoSTucf47U6
319,Zolo Anoop - Unisex PG,CO-Living,"140, KHB Colony, 5th Block, Koramangala, Bengaluru, Karnataka 560095",Koramangala,8884518010,https://maps.app.goo.gl/9DVV2fQunmbQDFpy7
320,Zolo Phantom Paying Guest (PG),,"KHB Colony, 5th Block, Koramangala, Bengaluru, Karnataka 560095",Koramangala,8884518010,https://maps.app.goo.gl/zJe8Zx2SvYfDYtvY8
321,Rio Colive PG - Best PG in BTM Layout,CO-Living,"3rd Cross Rd, Madiwala New Extension, Maruti Nagar, 1st Stage, BTM 1st Stage, Bengaluru, Karnataka 560068",B T M,8618269902,https://maps.app.goo.gl/R9FmKCP1xCVUhW1SA
322,National Institute of Mental Health and Neurosciences( NIMHANS),,,,,
323,Sri Venkateswara PG for Gents,Gents,"Bus Stop, 22, 16th Cross, 2nd Main Rd, opp. NIMHANS Convention Center, near Ganapathi Temple, Lakkasandra, Bengaluru, Karnataka 560030",Lakkasandra,8553567896,https://maps.app.goo.gl/7eH8PfdLCVe9aqYK6
324,Y.S.R--Luxury PG For MEN,Gents,"11cross, 48, Hosur Main Road, opp. brand factory, near dental college, Lakkasandra, Lakkasandra Extension, Wilson Garden, Bengaluru, Karnataka 560027",Lakkasandra,9000852311,https://maps.app.goo.gl/mTBoxdpBPQ33g8qFA
325,Bangalore Institue of Technology ( BIT),,,,,
326,Nest Stay Home,Gents,"Market Rd, opp. Ramanjeneya temple, Vishweshwarapura, Basavanagudi, Bengaluru, Karnataka 560004",Basavanagudi,8546861210,https://maps.app.goo.gl/4rfVf5QBJABY3NGc8
327,Ashraya P.G For Girls,Ladies,"10, New High School Rd, Parvathipuram, visvesvarapuram, Sudhama Nagar, Bengaluru, Karnataka 560004",Sudhama Nagar,9945216092,https://maps.app.goo.gl/t7VG6by1nkWDDMjf9
328,MT Jain Hostel,Gents,"#81, Krishna Rajendra Rd, Chikkanna Garden, Shankarapura, Bengaluru, Karnataka 560004",Shankarapura,9284317981,https://maps.app.goo.gl/hDcnm2XVonFB1maF8
329,Sai Balaji PG for Ladies,Ladies,"568, 2, Roshan Bagh Rd, Parvathipuram, Vishweshwarapura, Basavanagudi, Bengaluru, Karnataka 560004",Basavanagudi,9666891039,https://maps.app.goo.gl/WjxzEDGwWxAZDcXp8
330,SND PG For Gents,Gents,"28,2nd Main, Dispensary Rd, Kalasipalya, Bengaluru, Karnataka 560002",Kalasipalya,6366232795,https://maps.app.goo.gl/bLeJRi6fyMJ81Eur8
331,Nest Stay Home - Luxury PG,Gents,"16/2, Fort E street, near Sharma transport head office, Kalasipalya, Bengaluru, Karnataka 560002",Kalasipalya,8546861210,https://maps.app.goo.gl/9zWBk5uJ1YtqbboX7
332,Sri Lakshmi Venkateshwara pg for gent's,Gents,"1st cross, 3rd Main Rd, Chamrajpet, Karnataka 560018",Chamrajpet,8748008809,https://maps.app.goo.gl/Gspm5qGzuc5BzAE69
333,SR LUXURY PG FOR GENTS,Gents,"clg for women's, St.teresa degree, 40'#7, sulthan road, opp. st Joseph school, Baba Line, nizamuddin mohalla, Chamrajpet, Bengaluru, Karnataka 560002",Chamrajpet,9980998649,https://maps.app.goo.gl/zxHKX8vdya5uuY2R8
334,St. Joseph's College of Commerce ( SJCC ),,,,,
335,Elegant Paying Guest Accommodation,,"4, 2, Eagles Street, Langford Town, Shanti Nagar, Bengaluru, Karnataka 560025",Shanti Nagar,9901542143,https://maps.app.goo.gl/QzQAvsxTX3SKDNMH9
336,Green House PG for girls,Ladies,"1st, 252, 7th Cross, Main, Lakshmi Rd, Shanti Nagar, Bengaluru, Karnataka 560027",Shanti Nagar,7676935152,https://maps.app.goo.gl/bhywnMUsvYTHZd2f9
337,GARDEN STAY Pg for Ladies,Ladies,"59/2-1, Swastik Rd, Bheemanna Garden, Shanti Nagar, Bengaluru, Karnataka 560027",Shanti Nagar,7001063174,https://maps.app.goo.gl/t1rgQGESo7UmaypE8
338,PADHAROSA Pg For Girl,Ladies,"ABOVE ALANKAR SUPERMARKET No.9,5th Cross, Lakshmi Rd, Shanti Nagar, Bengaluru, Karnataka 560027",Shanti Nagar,9845923111,https://maps.app.goo.gl/8dUhhpbn69oMrpvQ8
339,Nomads Ladies Pg,Ladies,"1, Leonard Ln, Richmond Town, Bengaluru, Karnataka 560025",Richmond Town,7349319948,https://maps.app.goo.gl/EpYXi5X5MCtVgj8j7
340,Klassic komforts luxuries ladies pg,Ladies,"28.pullyar street, &, Castle St, off Brigade Road, Bengaluru, Karnataka 560025",Brigade Road,9740314430,https://maps.app.goo.gl/Gc884t9i5JaMifNV6
341,Sri Sai Balaji Luxury Pg for Gents,Gents,"K No ,2, nd street, 3, Markham Rd, Ashok Nagar, Bengaluru, Karnataka 560025",Ashok Nagar,9886364547,https://maps.app.goo.gl/rPoJmHRRgJWe4iAn6
342,AR Brigade Rooms - PG for Gents,Gents,"Ashok Nagar, Bengaluru, Karnataka 560025",Ashok Nagar,9886453330,https://maps.app.goo.gl/zkLivPhrPSKQg4Mt5
343,My Space Al Habibi,,"76, Brigade Rd, Ashok Nagar, Bengaluru, Karnataka 560025",Ashok Nagar,8892942114,https://maps.app.goo.gl/YoVNRcfriNLHF2h87
344,Kristu Jayanti College,,,,,
345,WHITE HOUSE Hostel,Gents,"680, K.Narayanapura, THE DEFENCE ENCLAVE, Kothanur, Bengaluru, Karnataka 560077",Kothanur,9108156458,https://maps.app.goo.gl/gWaQTMTwZueGki9s6
346,Sri Sai Girls PG,Ladies,"34/3, 1st cross, K Narayanapura Main Rd, near Kristu Jayanti College, Bengaluru, Karnataka 560077",Kothanur,8867004139,https://maps.app.goo.gl/cpQe8vWSDuWegSBs5
347,Rachel PG for Girls,Ladies,"No. 15, Esther defence avenue, K.Narayanapura, Kothanur, Bengaluru, Karnataka 560077",Kothanur,9448781400,https://maps.app.goo.gl/dGihYd3fQtxrNzKa7
348,Peter's PG Boys,Gents,"Kothanur, Bengaluru, Karnataka 560077",Kothanur,9620138415,https://maps.app.goo.gl/8dvubY7ARfkkNbgv6
349,EaseMyLiving,CO-Living,"near Kristu Jayanti College, Kothanur, Bengaluru, Karnataka 560077",Kothanur,9102646972,https://maps.app.goo.gl/GjMCpqjSnr41SQnT6
350,Wavy Mandhana,Ladies,"6, 1st Cross St, near Saint Mary's Church Road, opposite to kristu jayanthi College, K.Narayanapura, Kothanur, Bengaluru, Karnataka 560077",Kothanur,9611409009,https://maps.app.goo.gl/jQJ2QJBZGVpXoQZn7
351,Greenwood premium stay for Girls,Ladies,"house no.204, Dora Girls Hostel, 1st cross, opp. Kristu jayanti college, K.Narayanapura, post, Kothanur, Bengaluru, Karnataka 560077",Kothanur,9164622214,https://maps.app.goo.gl/8HQ3LGV8AckcdLkN6
352,SGR PG Rooms,Gents,"SGR PG Rooms for Boys, College, opp. Kristujayanti, next to Appam Road, Kothanur, Bengaluru, Karnataka 560077",Kothanur,9986547129,https://maps.app.goo.gl/ZgyfLMwPzbc3oq8Y8
353,Sri lekha boys pg,Gents,"Church St, opp. Kristu Jayanti College, Kothanur, Knarayanapura, Bengaluru, Karnataka 560077",Kothanur,8686116405,https://maps.app.goo.gl/9zGwjRfU48URBaR68
354,Stanza Living Salisbury House,Gents,"Hobli, K.narayanapura, Village, K.r.puram, Bengaluru, Karnataka 560077",K R Puram,8047622222,https://maps.app.goo.gl/kAyALTnciCoWrn5bA
355,sjr boys pg,Gents,"23 & 8, St Mary's Church Rd, opposite to kristu jayanti university, K.Narayanapura, Kothanur, Bengaluru, Karnataka 560077",Kothanur,9900955654,https://maps.app.goo.gl/y4H45F7FX5QsvVfeA
356,MR Boys PG,Gents,"1st cross, Debbur Munianjinappa layout, opposite Kristu Jayanti College, K.Narayanapura, Kothanur, Bengaluru, Karnataka 560077",Kothanur,9686442226,https://maps.app.goo.gl/ak5kbej6HEU9jTzS7
357,SSA HOMES PG FOR GIRLS - B Block,Ladies,"Marry church road, 18, 1st Cross St, opp. to Kristu Jayanti College, Kothanur, Bengaluru, Karnataka 560077",Kothanur,8861563426,https://maps.app.goo.gl/SMzY7sFrLJ3x6ztR8
358,SLS COMFORTS PG FOR GIRLS,Ladies,"Gate 01, St Mary's Church Rd, opp. Kristu Jayanti College, K.Narayanapura, p.o, Kothanur, Bengaluru, Karnataka 560077",Kothanur,6360632742,https://maps.app.goo.gl/uHnh6MTovx479LGh7
359,Elite boys PG,Gents,"Kristu Jayanti College, JUST, opp. 20) meters From, Bengaluru, Karnataka 560077",Kothanur,6363759750,https://maps.app.goo.gl/hNUceiLDQNwjd5Rv7
360,ASK Home,Ladies,"33, 2nd Cross Rd, opposite Kristu Jayanti College, Kodandarama​ Reddy Layout, Kothanur, Bengaluru, Karnataka 560077",Kothanur,9900784502,https://maps.app.goo.gl/qoM7aiK4RBr7K83C9
361,Shalom Boys PG,Gents,"34 Reddy layout, K Narayanapura Main Rd, Kothanur, Bengaluru, Karnataka 560077",Kothanur,8073464094,https://maps.app.goo.gl/YhSd3Aout8NuAfYL9
362,Livesta Hostel,Gents,"399, K Narayanapura Main Rd, near Kristu Jayanti College, K.Narayanapura, Kothanur, Bengaluru, Karnataka 560077",Kothanur,6364621212,https://maps.app.goo.gl/iJVfY3U1NTeHhCyb8
,Dayananda Sagar College of Engineering ( DSCE ),,,,,
,Vaishnavi PG for boys,Gents,"Ramaiya Nagar, Ilyas Nagar, Kumaraswamy Layout, Bengaluru, Karnataka 560111",Kumaraswamy Layout,,https://maps.app.goo.gl/6damcEHvmPA833s27
,Patliputra Boys PG,Gents,"4066, Pipeline Rd, Rajyotsavanagar, Ilyas Nagar, Kumaraswamy Layout, Bengaluru, Karnataka 560111",Kumaraswamy Layout,7676515500,https://maps.app.goo.gl/WEizvKVuooiHZxv47
,SS BOYS PG,Gents,"1764, 14th Main Rd, near Sagar hospital, 1st Stage, Kumaraswamy Layout, Bengaluru, Karnataka 560111",Kumaraswamy Layout,,https://maps.app.goo.gl/DAWZdwcRNP23DHXG7
,ATITHI BOYS PG,Gents,"1st Stage, Kumaraswamy Layout, Bengaluru, Karnataka 560111",Kumaraswamy Layout,9535386868,https://maps.app.goo.gl/WZJY4V7FCbxpTotg7
,Lohitha Girl's PG,Ladies,"1555, 11th Cross Rd, 1st Stage, Kumaraswamy Layout, Bengaluru, Karnataka 560111",Kumaraswamy Layout,8762938211,https://maps.app.goo.gl/FwveXyncWT5izozk9
,Shree Hari P G,,"91th Main 7th Cross, Dayanand Sagar College Rd, near Dwaraka Grand - Bengaluru, Bengaluru, Karnataka 560111",Kumaraswamy Layout,,https://maps.app.goo.gl/JMXZMsiM2biCzP339
,Namaste PG for Boys,Gents,"ground floor, 1617, 50 Feet Main Rd, above shoppers zone, near Dayanand Sagar College Road, 1st Stage, Kumaraswamy Layout, Bengaluru, Karnataka 560111",Kumaraswamy Layout,,https://maps.app.goo.gl/UmjZtZy8ZZA7BTLw7
,Bro's pg accommodation,Gents,"Muthoot finance building, 50 Feet Main Rd, near Dayanand Sagar College Road, 1st Stage, Kumaraswamy Layout, Bengaluru, Karnataka 560070",Kumaraswamy Layout,9008023271,https://maps.app.goo.gl/QxfFDbQHdfx8WAPF8
,Sri Lakshmi PG for Girls,Ladies,"1A, 3rd Cross Rd, near Dwaraka Grand, Kumaraswamy Layout, Bengaluru, Karnataka 560070",Kumaraswamy Layout,7042823902,https://maps.app.goo.gl/gTjgF5PgpSJu7mQ18
,Paradise PG For Boys & Men,Gents,"11, 3rd Cross Rd, Govinayakana Halli, 10, 3rd Cross Rd, opp. Canara Bank, near Kanti Sweets, Teachers Colony, Kumaraswamy Layout, Bengaluru, Karnataka 560070",Kumaraswamy Layout,9686836119,https://maps.app.goo.gl/UhzghDfhqb1cFyqw8
,Kairraa Living pg,Ladies,"56, 1st Cross Rd, near DSI, behind Dwaraka Grand Hotel, Kumaraswamy Layout, Bengaluru, Karnataka 560078",Kumaraswamy Layout,9538926036,https://maps.app.goo.gl/oKrvVuoyZzeBUMz56
,PG,Gents,"60, 1st Cross Rd, Teachers Colony, Kumaraswamy Layout, Bengaluru, Karnataka 560070",Kumaraswamy Layout,,https://maps.app.goo.gl/4MMk3NJ4owTBrsuQ9
,Madilu PG Accommodation,Ladies,"51, 1st Cross Rd, 1st Stage, Kumaraswamy Layout, Bengaluru, Karnataka 560078",Kumaraswamy Layout,8105127333,https://maps.app.goo.gl/NiJJe5HZdwTNxFoR7
,ELITE GIRLS PG / HOSTEL,Ladies,"7, 3rd Cross Rd, near Dayananda Sagar college of engineering, Kumaraswamy Layout, Bengaluru, Karnataka 560070",Kumaraswamy Layout,9482673073,https://maps.app.goo.gl/3bkF5vPsbJLbTVzX9
,G K Comforts Girls PG Accommodation,Ladies,"Satyaprema Mansion, 15, 3rd Cross Rd, near Dayanand Sagar College Road, Kumaraswamy Layout, Bengaluru, Karnataka 560078",Kumaraswamy Layout,8951469021,https://maps.app.goo.gl/Fp4GcpEEVpztcuTM6
,Ganapa's Boys PG,Gents,"Agasthya Arcade, 3rd Cross Rd, near Dayanand Sagar College, 1st Stage, Kumaraswamy Layout, Bengaluru, Karnataka 560070",Kumaraswamy Layout,9980763074,https://maps.app.goo.gl/9mAC5zQM3pwemVjz7
,Sapthagiri PG for Boys,Gents,"173, Dayanand Sagar College Rd, Teachers Colony, Bendre Nagar, Bengaluru, Karnataka 560070",Bendre Nagar,9844322680,https://maps.app.goo.gl/HdRj37Mzo54jx3i76
,Zolo Aquarius,Ladies,"1803, 5th Main Rd, Kumaraswamy Layout 2nd Stage, Bendre Nagar, Bengaluru, Karnataka 560070",Bendre Nagar,,https://maps.app.goo.gl/2HRC8K16Jcpftf1b9
,Tranquil Living Gents/Boys Pg,Gents,"IQRA HOUSE, 4066, BWSSB Pipeline Rd, near Dayananda sagar college, Rajyotsavanagar, Ilyas Nagar, Kumaraswamy Layout, Bengaluru, Karnataka 560111",Kumaraswamy Layout,9945746352,https://maps.app.goo.gl/2mtRu7yk6KF24LJe9
,University Visvesvaraya College of Engineering ( UVCE ),,,,,
,Sulalitha - Premium Living for Men,Gents,"216, 4th Cross Rd, Lal Bagh Road, K.S. Garden, Raja Ram Mohanroy Extension, Sudhama Nagar, Bengaluru, Karnataka 560027",Sudhama Nagar,9880030933,https://maps.app.goo.gl/pKszHapSPH7UxnF37
,New Glorious PG,,"KGN complex, 43, NR Road, near Alfa Steel, KR Market, Kumbaragundi, Kalasipalya, Bengaluru, Karnataka 560002",Kalasipalya,7777077515,https://maps.app.goo.gl/X6Sg5C3wczWie83G7
,Atithi PG for Gents,Gents,"Cubbonpet cross road, Corporation Cir, Bengaluru, Karnataka 560002",Corporation Circle,9742969531,https://maps.app.goo.gl/3qBmcapP3EVc6fRY6
,Gvr Men Pg,Gents,"206, Cubbonpet Main Rd, near corporation circle, Halsurpete, Nagarathpete, Bengaluru, Karnataka 560002",Nagarathpete,,https://maps.app.goo.gl/JksgJH1a6WYCwXKy9
,V t pg near corporation Bangalore,,"Vijayakumar building, 10, Cubbonpet Main Rd, near Halsur gate police station, Cubbonpete, Nagarathpete, Bengaluru, Karnataka 560002",Nagarathpete,9035737265,https://maps.app.goo.gl/w7y6PdQQogD16jcBA
,GVR COMFORTS PG FOR GENTS,Gents,"19, 9th Cross Rd, Cubbonpete, Nagarathpete, Bengaluru, Karnataka 560002",Nagarathpete,9740970486,https://maps.app.goo.gl/D9Rxf22rWLjyYXc59
,Venkata Sai Gent's Luxury PG,Gents,"Karagappa garden, No.15/4-1 1st cross, Mission Rd, Sampangi Rama Nagara, Bengaluru, Karnataka 560027",Sampangi Rama Nagar,,https://maps.app.goo.gl/v2qPR6Q9eb4MQaAh7
,Vedamsi Gents PG,Gents,"Vedamsi Gents PG, 22th, Langford Rd Cross, beside Sri Bhakthanjaneya Swamy Devasthana, Sampangi Rama Nagara, Bengaluru, Karnataka 560027",Sampangi Rama Nagar,9886493633,https://maps.app.goo.gl/Bi3Jz48fkTomPF8GA
,Ssv pg for gents,Gents,"10/1, 20th Cross Rd, Sampangi Rama Nagara, Sampangi rama nagar, Bengaluru, Karnataka 560002",Sampangi Rama Nagar,7676337639,https://maps.app.goo.gl/F6q7QeCaQtoUPnNy9
,Jai Sriram PG for Gents,Gents,"16, 20th Cross Rd, Sampangi Rama Nagara, Bengaluru, Karnataka 560027",Sampangi Rama Nagar,,https://maps.app.goo.gl/Z1ihSFpDf6LnF7FF7
,JS PG for Gents and Ladies,CO-Living,"No. 22, 14th Cross Road, Sampangi Rama Nagara, SR Nagar, Bengaluru, Karnataka 560027",Sampangi Rama Nagar,9972817527,https://maps.app.goo.gl/JpBRnDuPLvVEDEp49
,Sri Chamundeshwari PG for Boys,Gents,"50, 4th Main Rd, near Gowdru Hotel, S R Nagara, Ashwath Nagar, Sampangi Rama Nagara, Sampangi Rama Nagar, Bengaluru, Karnataka 560027",Sampangi Rama Nagar,,https://maps.app.goo.gl/VXitkn7MAJZy76YHA
,Sri Venkateshwara new PG for Gents,Gents,"49 7th Cross, 5th Main Rd, Sampangi Ram Nagar, Bengaluru, Karnataka 560027",Sampangi Rama Nagar,8618728733,https://maps.app.goo.gl/QFMm4RKCSprioLL46
,G V K PG FOR GENTS,Gents,"4th main, 4th Cross Rd, Ashwath Nagar, Sampangi Rama Nagara, Bengaluru, Karnataka 560027",Sampangi Rama Nagar,7795449633,https://maps.app.goo.gl/AgPUbZzTKBdqpFtg9
,Sri Venkateshwara PG for Gents,Gents,"No.24, 4th Main, 4th Cross, Richmond Rd, Sampangi Rama Nagara, Bengaluru, Karnataka 560027",Sampangi Rama Nagar,9740370091,https://maps.app.goo.gl/Ld1Wc31zjzVz98c28
,Ranga Shree Stay,,"12/3, 12th Cross Rd, Sampangi Rama Nagara, Sampangi Rama Nagar, Bengaluru, Karnataka 560027",Sampangi Rama Nagar,7338266057,https://maps.app.goo.gl/yYgUPy4vduyVyU5S9
,A metro host,Ladies,"77, 6th Cross, 1st Main Rd, Sampangi Ram Nagar, Sampangi Rama Nagara, Sampangi Rama Nagar, Bengaluru, Karnataka 560027",Sampangi Rama Nagar,9880002082,https://maps.app.goo.gl/eQNnpT6cnZSLgM7ZA
,Nirvana stays pg for gents,Gents,"8, 1st Main Rd, Sampangi Rama Nagara, sr nagar, Bengaluru, Karnataka 560027",Sampangi Rama Nagar,,https://maps.app.goo.gl/4xBMJWQNGKAXx7nD9
,New SKS PG for Gents,Gents,"71, 8th Cross Rd, near Richmond Road, Sampangi Rama Nagara, Sampangi Rama Nagar, Bengaluru, Karnataka 560027",Sampangi Rama Nagar,7676662378,https://maps.app.goo.gl/UPvMH81ntirNMnNK8
,"BMCRI Varuna Gents Hostel, Gandhinagar",Gents,"medical College ug gents hostel, Gandhi Nagar, Bengaluru, Karnataka 560009",Gandhi Nagar,,https://maps.app.goo.gl/TGKpup2j1KHfYvwu6
,R N S Institute of Management ( RNSIT),,,,,
,The Urban Living - PG for Gents(RNS Branch 1),Gents,"Building, 17th Main Rd, near Gana Appartment, Channasandra, Rajarajeshwari Nagar, Bengaluru, Karnataka 560098",Channasandra,9591532951,https://maps.app.goo.gl/jfN4BJvxNW7hydVR6
,VaraLakshmi pg,,"765, 16th Main Rd, beside rnsit College, Channasandra, Rajarajeshwari Nagar, Bengaluru, Karnataka 560098",Channasandra,9980449870,https://maps.app.goo.gl/gvbAL3DRjtBRaZ4f6
,Rainbow Grand Pg For Ladies,Ladies,"810, beside RNS IT, Channasandra, Rajarajeshwari Nagar, Bengaluru, Karnataka 560098",Channasandra,8722269222,https://maps.app.goo.gl/EwnFNA5gS8CJkEd89
,Bhanu Priya Ladies PG,Ladies,"WG29+JX3 RNS college, Channasandra, Rajarajeshwari Nagar, Bengaluru, Karnataka 560098",Channasandra,9663920228,https://maps.app.goo.gl/A6WRR2ps3pN59o1f7
,Stanza Living Batumi House,Gents,"5-1/2, Anjaneya Temple Rd, Channasandra, Rajarajeshwari Nagar, Bengaluru, Karnataka 560098",Channasandra,8047622222,https://maps.app.goo.gl/djHtn1TDqoFWqdnf6
,Paying guest for boys,Gents,"WG38+CPQ, near RNSIT college, Channasandra, Srinivaspura, Bengaluru, Karnataka 560098",Channasandra,,https://maps.app.goo.gl/oHPZcFNWyX3QZHgd8
,Vijaya durga pg,,"Dr.Vishnuvardhan Rd, 5th Stage, Rajarajeshwari Nagar, Bengaluru, Karnataka 560098",R R Nagar,8088141796,https://maps.app.goo.gl/aSW5KGouQzyLLBbo9
,elegant Premium Luxury Ladies PG,Ladies,"Justoppsite:, RNS Collage, 44, Sai Nisarga Layout, oppsiteRoad PRINCE ROYAL HOTEL, near RNS collage, Channasandra, Rajarajeshwari Nagar, Bengaluru, Karnataka 560098",Channasandra,8088730331,https://maps.app.goo.gl/5ZLz3esBaZxsFMfu7
,Uma Maheshwari pg for gents,Gents,"60,channasandra, kengeri, 2nd Main Rd, opposite Rnsit college, Rajarajeshwari Nagar, Bengaluru, Karnataka 560098",Channasandra,9676071477,https://maps.app.goo.gl/SmBp1srb3r6bXihe7
,SRI RANGANAYAKA PG FOR LADIES,Ladies,"opp. rnsit college, 5th Stage, Rajarajeshwari Nagar, Bengaluru, Karnataka 560098",Channasandra,7619264069,https://maps.app.goo.gl/rKUpdRiPfhxwRQ6c9
,SWATHI PG FOR LADIES,Ladies,"WG39+3FV, behind RNSIT college, behind The prince royal hotel, Channasandra, Rajarajeshwari Nagar, Bengaluru, Karnataka 560098",Channasandra,,https://maps.app.goo.gl/zqEuYjW68YTBa79v5
,Stanza Living Crotone House | Womens PG in Rajarajeshwari Nagar,Ladies,"105, Uttarahalli Main Rd, near Idbi Bank, Channasandra, Rajarajeshwari Nagar, Bengaluru, Karnataka 560098",Channasandra,8047622222,https://maps.app.goo.gl/snpUY6qGRznPi3g16
,VAISHNAVI SHREE LUXURY PG FOR LADIES,Ladies,"RNSIT Basketball Court, RNS Farms Rd, Channasandra, Rajarajeshwari Nagar, Bengaluru, Karnataka 560098",Channasandra,9666315628,https://maps.app.goo.gl/gyWy3YhkeEtP2CTTA
,Samruddha Luxury PG For Ladies,Ladies,"annapurneshwari provision store, 12, road, near rnsit college, Channasandra, Rajarajeshwari Nagar, Bengaluru, Karnataka 560098",Channasandra,6361919220,https://maps.app.goo.gl/Mxw4mbj9uJsTZVig7
,SRR PG GENTS NEAR RNSIT COLLEGE,Gents,"Kk complex backside, opposite kk school, near RNSIT COLLEGE, Channasandra, Rajarajeshwari Nagar, Bengaluru, Karnataka 560098",Channasandra,8105688656,https://maps.app.goo.gl/PLBzsXAEsXucubAN7
,Rainbow Grand PG For Mens,Gents,"near RNS IT COLLEGE Veeranjaneya temple, Channasandra, Rajarajeshwari Nagar, Bengaluru, Karnataka 560098",Channasandra,9880669111,https://maps.app.goo.gl/MqTxF4b7ZrL2enVJA
,Sri chowdesvari boys pg,Gents,"RNSIT college #899, bus stop, Near, behind Channasandra Main Road, Dwaraka Nagar, Channasandra, Rajarajeshwari Nagar, Bengaluru, Karnataka 560098",Channasandra,8197621392,https://maps.app.goo.gl/fBmNJpgoesnhiv7c7
,Royal Stay PG for Boys,Gents,"No.667, Dwarakanagar, near RNS College, nearby Koragajja Temple, Channasandra, Rajarajeshwari Nagar, Bengaluru, Karnataka 560098",Channasandra,,https://maps.app.goo.gl/zu9HaifsLfMuXynS8
,New Horizon College of Engineering ( NHCE ),,,,,
,U by Z Hotels Bellandur,,"5th Floor, Survey No - 124, Bhoganahalli Main Rd, beside New Horizon Vidya Mandir School, Bhoganahalli, Bellandur, Bengaluru, Karnataka 560103",Bellandur,7090012300,https://maps.app.goo.gl/DiYdK5aUVSeDL2ag7
,Fab Inn Premium PG,,"Fab Inn, Premium Co Stays, 31, mk layout, opposite EMBASSY TECH VILLAGE, Kadubeesanahalli, Bhoganhalli, Bengaluru, Karnataka 560103",Bhoganhalli,7996679992,https://maps.app.goo.gl/QU823JRSR6qVnqGE6
,Flora Ladies PG,Ladies,"WMHW+X4V, near Qube Software, opposite to Embassy Tech Village Road, Bhoganhalli, Bengaluru, Karnataka 560103",Bhoganhalli,,https://maps.app.goo.gl/fon9gUbtwyyw6L938
,AA Elite Premium Coliving PG,CO-Living,"Site 18, opposite to Embassy Tech Village Road, near Qube Software, Bhoganhalli, Bengaluru, Karnataka 560103",Bhoganhalli,9591983777,https://maps.app.goo.gl/1g4EVCRW4BJsi1wN7
,ALNS CO - LIVING PG- Gents & Ladies PG,CO-Living,"Sai Residency Road, 6, Kosana Rd, Bhoganhalli, Bengaluru, Karnataka 560103",Bhoganhalli,9441446523,https://maps.app.goo.gl/joh9tStrM42wYMyr8
,Zolo Solaris,,"5 Sai Rd, Kosana Rd, near sai enclave apartments, Bhoganhalli, Bengaluru, Karnataka 560103",Bhoganhalli,8884518010,https://maps.app.goo.gl/82xSJCfcZFFcF2bS6
,Alpha Living Lakshmi Coliving Pg in Kadubeesanahalli,CO-Living,"Sri Sai Enclave Apartments, Near, Kosana Rd, SaiRd, Bhoganhalli, Bengaluru, Karnataka 560103",Bhoganhalli,7996788999,https://maps.app.goo.gl/x9rZxpT2TqsdPCWf6
,Neo Stay Srinivasa Colive PG,CO-Living,"Embassy Tech Park, 2nd Cross Rd, near BSR Apartment, Kaverappa Layout, Kadubeesanahalli, Bengaluru, Karnataka 560103",Kadubeesanahalli,7996946999,https://maps.app.goo.gl/EWSx1oitk9JaEBia7
,SHINE SQUARE COLIVING PG,CO-Living,"2nd Cross Rd, near bsr apartments, Kaverappa Layout, Kadubeesanahalli, Bengaluru, Karnataka 560103",Kadubeesanahalli,7349394777,https://maps.app.goo.gl/MR2KNd33jQgjLGpVA
,Zolo Lumina - PG in Kadubeesanahalli,,"Site No.23, BSR Paradise Rd, Kaverappa Layout, Kadubeesanahalli, Bhoganhalli, Bengaluru, Karnataka 560103",Kadubeesanahalli,8884518010,https://maps.app.goo.gl/Ve9gFWzzsQquX6LT7
,Devaki Gents PG,Gents,"133,Kariyammana Aghraharam Dinne, Post, opp. New horizon college & wells, fargo, Bellandur, Bengaluru, Karnataka 560103",Bellandur,7259550105,https://maps.app.goo.gl/kCuMkqXHQKU8zhxE9
,Jasmine Premium Coliving Pg,CO-Living,"kariyammana Agraharam Dinne, 14, post, opp. New Horizon College Road, Kaverappa Layout, Kadubeesanahalli, Bellandur, Bengaluru, Karnataka 560103",Bellandur,9945419699,https://maps.app.goo.gl/i2qkTqHrRjAhdmjz9
,WERA PG FOR LADIES,Ladies,"Wells Fargo, 24, Kariyammana Agrahara Main Rd, opp. prestige Silver crest apartment, HAL Layout, Chandana, Bengaluru, Karnataka 560103",HAL Layout,7337637371,https://maps.app.goo.gl/yTNUdkQqMTYu7Jf99
,PURNA SAI PG,,"19, Chandana, Bengaluru, Karnataka 560103",Bellandur,,https://maps.app.goo.gl/GJrff41UbmGeYPsF6
,BHAVIKA'S PG FOR LADIES,Ladies,"House #8, kariyammanahalli, agrahara, near Prestige silver crystal apartment, HAL Layout, Kadubeesanahalli, Bengaluru, Karnataka 560103",Kadubeesanahalli,9900847959,https://maps.app.goo.gl/mKRFARG3za5iZjSS8
,Brindavan elite pg for Ladies,Ladies,"13, kariyammanahalli agarahara, near New horizon college of engineering, HAL Layout, Chandana, Bengaluru, Karnataka 560103",HAL Layout,9182285134,https://maps.app.goo.gl/TsDxShQV5FXgWuDA6
,Radhakrishna PG,,"Residing at : #21, Patel Public School, near by Goldman Sachs, Kariyammana Agrahara, Bellandur, Bengaluru, Karnataka 560103",Bellandur,9945544985,https://maps.app.goo.gl/Sja7F9Q6RtxoSu4d8
,New Greenhills Co-Living Luxury PG,CO-Living,"Lakshmaiah Rd, Chandana, Bengaluru, Karnataka 560103",Bellandur,9632676666,https://maps.app.goo.gl/Ui1nAFE676MG8yKB6
,SMK Gents PG & Boys Hostel,Gents,"Goldman Sachs, Helios Business Park, Service Rd, near Shilpitha Tech Park, opp. New Horizon College of Engineering, Kariyammana Agrahara, Bengaluru, Karnataka 560103",Kadubeesanahalli,8722330688,https://maps.app.goo.gl/SnMdqReqpB4P8LZr5
,TechNext Women PG,Ladies,"Velocity, opp. Prestige, Kariyammana Agrahara, Bellandur, Bengaluru, Karnataka 560103",BEllandur,9611587740,https://maps.app.goo.gl/tuSe44Hdj6ntP7Qq8
,RISHI COMFORTS CO LIVING PG,CO-Living,"88/1, 2nd Cross, Road, Munireddy Layout, Kadubeesanahalli, Panathur, Bengaluru, Karnataka 560103",Kadubeesanahalli,8884544441,https://maps.app.goo.gl/bb5iNdrNZnwT4yvbA
,C M R Institute of Technology ( CMRIT ),,,,,
,SS LUXURY PG FOR BOTH MENS &WOMENS,CO-Living,"SWANANDA SHELTERS, 146/1, near VENKATESWARA SWAMI TEMPLE, SWANANDA SHELTERS, BEML Layout, Brookefield, Bengaluru, Karnataka 560066",Brookefield,9739739841,https://maps.app.goo.gl/FLkFMn7xYU8oimWd8
,EXECUTIVE PG FOR GENTS,Gents,"1356, Aecs layout, 60 Feet Rd, D'BLOCK, Kundalahalli, Bengaluru, Karnataka 560037",Kundalahalli,9632725347,https://maps.app.goo.gl/XdCXFsBza8j5qX9G8
,GPR Lakeview PG for Gents,Gents,"Kundalahalli, Brookefield, Bengaluru, Karnataka 560037",Brookefield,9620666222,https://maps.app.goo.gl/SCd9oNn1xEvfZto2A
,Royal PG for Gents,Gents,"31,32, XP99+GJH AMR square residency, N 0, Kundalahalli Lake Rd, opposite to Shiv temple, Kundalahalli, Brookefield, Bengaluru, Karnataka 560037",Brookefield,9902229888,https://maps.app.goo.gl/1xWEKsvE2vHzZi8u9
,Sri Satya Deva Co-living PG,CO-Living,"110/9, ITPL Main Rd, near SHIVA TEMPLE, near to brook field, Kundalahalli, mall, Bengaluru, Karnataka 560037",Kundalahalli,8792481805,https://maps.app.goo.gl/hd3YYHuwaRa5XzSbA
,Royal palace PG for LADIES,Ladies,"Kundalahalli, Beng, ITPL Main Rd, AECS Layout, Brookefield, Bengaluru, Karnataka 560037",Kundalahalli,9964548888,https://maps.app.goo.gl/GVCuByYRq1sHmv6Q8
,Sai Krupa Luxury PG for Ladies,Ladies,"Kundalahalli, 352, B Block, AECS Layout, Bengaluru, Karnataka 560037",Kundalahalli,8310386974,https://maps.app.goo.gl/4fJV64G9ME6UpxaM6
,AYYAPPA 350 PG FOR LADIES Brigade tech ITPL Kundalahalli,Ladies,"brigade tech garden, near Brookfield, B Block, AECS Layout, Brookefield, Bengaluru, Karnataka 560037",Brookefield,7026679679,https://maps.app.goo.gl/TKsVde1imbnvG59S7
,Lotus Ladies PG,Ladies,"353/c, ITPL Main Rd, opp. Knightsbridge Apartments, near by CMRIT College, AECS Layout, Brookefield, Bengaluru, Karnataka 560037",Brookefield,6300635281,https://maps.app.goo.gl/aeEFzTJN31RDTBpt9
,Deeksha Ladies PG,Ladies,"60 Feet Main Road, AECS Layout, Kundalahalli Opposite to Domino's Ratnadeep Super market, above Kundalahalli, Brookefield, Bengaluru, Karnataka 560037",Brookefield,9538997999,https://maps.app.goo.gl/GZkKck8qXYAGbCei8
,Sangana Ultra Executive Pg for Girls,Ladies,"136,kundalahalli, 136, 3rd Cross Rd, near kundalahaali, Sri Nivasa Reddy Layout, AECS Layout, Marathahalli, Bengaluru, Karnataka 560037",Marathahalli,9900884298,https://maps.app.goo.gl/aDSMYDJoznwPh6zYA
,Sri Thirumala PG for Gents,Gents,"14 , 1st cross, A Block CMRIT Back Gate AECS Layout, Kundalahalli, Bengaluru, Karnataka 560037",Kundalahalli,7022387066,https://maps.app.goo.gl/MRHyZT4dugFs7jHg8
,Sri Sujata Pg For Ladies Accomodation,Ladies,"ITPL Main Rd, Kundalahalli, Brookefield, Bengaluru, Karnataka 560037",Kundalahalli,9886141413,https://maps.app.goo.gl/TysHNDQFu4wMpUsq6
,SRI SATYA SAI GENTS PG,Gents,"238, 2nd Cross Rd, Kundalahalli Colony, Brookefield, Bengaluru, Karnataka 560037",Kundalahalli,7899130046,https://maps.app.goo.gl/9VFGRWvQu5TeYFiV6
,Sree Rajamatha PG,,"24/7, 2nd Cross Rd, near CMRIT College, Kundalahalli, Brookefield, Bengaluru, Karnataka 560037",Brookefield,9502407771,https://maps.app.goo.gl/5hC1hbKGRiYu2FxL7
,Sai Luxury PG For Gents,Gents,"205, 3rd Cross Rd, Kundalahalli Colony, Brookefield, Bengaluru, Karnataka 560037",Brookefield,9901733309,https://maps.app.goo.gl/W9W1bkc1rwghpjFS6
,SRI VINAYAKA COMFORTS LADIES LUXURY PG,Ladies,"181, 3rd Cross Rd, Kundalahalli Colony, Brookefield, Bengaluru, Karnataka 560037",Brookefield,8801516178,https://maps.app.goo.gl/aXSdbxbuAZjUs1Bn8
,Sri Nidhi PG for Gents,Gents,"126, 2nd Cross Rd, Kundalahalli Colony, Brookefield, Bengaluru, Karnataka 560037",Brookefield,9945195675,https://maps.app.goo.gl/L2ZSXpLRtUrF2LC4A